CWP_lnitial_Y,-원숭이 아 실례 돼지 아 실례 뇌가 없는 결함인간이 스스로 출하하는 거 같네요 그럼 가죠 나오토님 제가 수업을 해드리겠습니다
beursprin9,아니아까무슨 취향체크하는거 뭐더라 난 원래 캐릭 죽는거진짜 개싫어하는데.... 딱 인간수업 볼때만 걍 쟤네둘이 같이 죽었으면좋겟다고 생각했던거 같음
now1037,"@dodam_dada 아놔 아침형 인간 이서일...
소리 좀비처럼 다니면 아침 일찍 일어났는데 왜이리 처져있어^^ 할 듯
물론 잠이 없는 편인건 아니라 수업시간에 엎드려 잠(ㅋㅋ) 
저 그거 쓰면서 개꼴값이라생각햇는데..왕자병..
소리의 그 미적지근한 반응도 사랑해..
사랑이 넘치는 선후배
서일이가2학년이라다행이다"
zzu_zzul,인간수업에서 제일 좋은 이런 관종같은 장면 ㅋㅋ https://t.co/6QON94Sjka
zzu_zzul,아니 스마일 맨 어디서 본 얼굴이다 했더니..인간수업 곽기태 https://t.co/3BoMphA7RZ
gajja913,"진심..
과제 ㄱ드랍하고 싶다..
인간적으로 대학 수업 15주차 말고 13주차 까지 있어야 한다고 생각합니다"
Teddybearloves_,@My_lovely_txt 인간수업 징짜 대박대박 재밋어여
D4NG_,사실 이거 할 시간에 수학이랑 영어는 수업만 듣고 나머지 수업들 공부햇음ㅋㅋ... 그래서 나아지지않는 것도 잇었지만~ 어쨋든 그래서 중딩때 전교 280중에 220등 하던 애가 고등학교 올라가서 250? 쯤있는 학교에서 50등 안에서 놀았으면 됐다고 생각해 13등도 해봣으면 인간승리지(운이 좋앗던거임
katori_yui,리얼 결제했는데 볼게없엌ㅋㅋㅋㅋㅋㅋㅋㅋㅋ 지금 왓챠로 넘어가긴했는데 넷플에서 제대로 본거 인간수업밖에없는듯
RH_love94,ㅅㅂ인간수업진짜개충격
gmsmys,"@dandeliion__ 마자요마자요..근대지금인간기술로는택도없고 기계자발적진화는 꿈도꿀수업대요 우리가 다섯번 환생해도 안댈가능성이높다고하드라고요
전
빨리됏으면좋겠는데.
어차피 코로나로 중국남자를갖지못핸대면 중국어설정을끼운 로봇남자라도 가지고싶은데."
LIME0x0,"@dandeliion__ 나 얼마전에 글쓰기 수업에서 인공지능 이야기 썻거든 근데 난 애초에 인공지능을 인간 뛰어넘는 걸 목적으로 개발하기 시작했다고 알고 잇구,, 그리 긍정적으로 보진 않아서 그렇게 썼는데 교수님한테ㅋㅋㅋㅋ피드백이.. 그렇게 무섭게 쓰면 안 되지~ 극복할 방법을 생각해서 글에 녹여내야지 하셔서"
candle3538,"인간의 인식과 그 실천적 삶: 『빌헬름 마이스터의 수업시대』, 『빌헬름 마이스터의 편력시대』&lt;유럽문학 오디세이&gt; 블로그: https://t.co/Jk843xcZXG https://t.co/qEBPs9XKcR"
RH_love94,와 씨 인간수업 개무서움
j_a_g_i_y_a,"시험끝나고
더블유.
인간수업
낭만닥터
볼거야"
Near_nya_back,아 ㅋㅋ 우리아부지 ㅋ인간수업보려고성인인증하셧나봄ㅋ
alord_717,나인이 인간 아기는 어떻게 생기냐고 물으면 샬롯은 황새가 물어다주지요~ 할 것 같고 미하일은 당황하고 루인은 책 가져와서 수업 시작 할 것 같음
haruuu__31,과제...공지에....다 써놓으라고....  셤기간에...어? 제출 3일전에 수업시간에 알려준다고 하지 말고 인간들아........ ..왜그러는거야.....
g0yain,@p_yo8415 그럼 한드 인간수업은 어때요
At_uuho,"나도 서바이벌제도에 흥미를 정말 단 1도느끼지못해 
나는 절박함에 공감할수업는 도태된 인간인걸까?"
RH_love94,시발 씻어야 되는데 인간수업이 너무 재밋음
yrj323,"@jenoo_ya 나 지금 인간수업 여배우님 수상소감중임,,"
Mush_s_Dog,아놔 이거 탈주인간 아니고 수업 좀 받고올게요 https://t.co/fbNHTENN0T
Fdneosue,"#일상 #섹트
인간ㄴ은이해할수업는존재. https://t.co/SUsZO9CCpT"
Smile_bts0613,"아시발다음은너로정했다킹덤
#YOUTH_실명_반대해
아킹덤을까먹고있었네담주온클
#YOUTH_실명_반대해
하니까성인인증한김에블랙미러랑
#YOUTH_피드백_11월30일
종이의집이랑인간수업이랑릭앤
#YOUTH_피드백_11월30일
모티랑싹다본다아시발재밌겠다"
svt_hee_,"인간수업 청불인데 어찌저찌 보고 있거든요?
야해서는 아니죠? 잔인해서로 알고있는데"
oOPoOYoO,"바리바리스타 인간이라 첫번째꺼 사면 막 메모지 끼우고 다닐 것 같단말야. 근데 막상 끼우고 다니면 안 쓸 것 같기도 하고••• 아냐 일단 어떤 상황에 펜파우치를 들고 다닐까?

➀ 갑자기 도서관에서 멋들어지게 책읽고 필사하고 싶을 때
➁ 수업 필기용? 필기용으로는 그냥 편히 썼던 https://t.co/nNUsUq5APl"
qosxue,"인간수업배귤언니목소리존나좋음
인간수업보세여"
maruikoot,"베스트 초이스 배우 부문 안보현(이태원 클라쓰), 박주현(인간수업) 수상 축하드립니다"
qosxue,"목소리듣고알았는대
인간수업언니잖아 https://t.co/q94SlG8vge"
I_luv_byul,엠씨 언냐는 그 인간수업 그분 맞나
Angel__213,인간수업 다 봣는데 재밋음
bear_bebebe,@GGYUL0618 인간수업? 나온 분 인것 같아요 https://t.co/IlhQDpLWNe
BABONA_N,"저거 목소리가 인간수업 그친구 같은데 맞나???

아니 근데 나는
자토이치도 아니고
왜 사람 얼굴을 보면서
얼굴 말고 목소리로 알아보는 건데ㅋㅋㅋ"
mujijijimu,"10. 인간수업
11. 기황후"
idnxvxrbxxnborn,"인간수업, 오지수"
AZUKI_JELLY_,"서 있고... 여하튼 자신은 하늘이 내려준 상서로운 인간이 되어있는.. 그런 복잡한 뭐가 어떻게 돌아가는지 모르겠는 상황에 처한 🎴...
지금 제가 꿈을 꾸고 있는건가 분명히 역사시간에 렌고쿠선생님의 수업을 듣다가 잠깐 졸았던 것 까지는 기억나는데...졸고 있는 사이에 촬영 세트장에 데려다"
es34639217,인간수업보자
no_findme,오 뭐야 인간수업 재밋다
gyenneee,자신이 있었는데 와 이건 진짜....아니다 싶어갖고 당장이라도 튀고 싶어지는 연하일 듯. 근데 이미 돈은 받아버렸고 매 수업 저렇게 친한 척 옆에 앉고(물론 앉아서 졸기만 해갖고 교수님한테 같이 따가운 눈총 받고 있지만) 또 막상 존다고 몇 번 치면 잠 깨는 시늉이라고 하고 그러니까 인간이
_3SATO_,@minari_nim 이거 말고 인간수업 재밋어
abyo_ssibal,@dudWid 인간수업 볼때마다 저 전담 머인지 노무 궁금했음
CWP_lnitial_Y,-원숭이 아 실례 돼지 아 실례 뇌가 없는 결함인간이 스스로 출하하는 거 같네요 그럼 가죠 나오토님 제가 수업을 해드리겠습니다
dudWid,인간수업 서민희 담배피ㅡ는짤이업ㅎ네
my_love_jsp,@zuupiter19 인간수업 진짜 재밌게 봣서요!
suga_51095,"@Seok_A_13 키싱부스.
인간수업
상속자들
가십걸"
DEAR_lemon_,@dhowl_1 인간수업!!
Taennessee,딸내미가 화상 수업할 때마다 내 방을 뺏긴다&lt;&lt;양육자라는 인간의 입에서 나올 소리인지 의심스러운 수준. 세상 어느 나라를 가도 방이 4개라 딸 방 없단 말 당당하게 안하고 어떤 양육자도 딸이 방이 없어 지 방을 빌려써야 할 때 그걸 뺏긴다고 억울해하지 않음. https://t.co/mv2Fjz3ccM
hoddug_,"이후에 그 사람만을 위한 후계가 되고 싶지 않다고 반항을 하게 됨. 강도 높은 수업과 많은 시험. 스트레스를 받은 김은 최한테도 막 말함.
인간도 아닌 괴물의 뜻에 따라 움직여 줄 거라 자만했어?
많이 컸네 민귺야.
최는 인간이 그러든 말든 타격감 전혀 없고 김 가슴에 손을 올려서 싱긋 웃음"
duckcheetah,"불우한 가정환경 때문에 용돈 벌려고 몸파는 남고생? 미성년자랑 자고 협박 당해서 돈 뜯기는 거? 

수많은 미디어에서 '불량 여고생'에게 씌우던 프레임을 '남고생'에 치환 시킨 게 판타지라면 판타지인가. 왜, 반대의 경우는 넘쳐나잖아. 인간수업에서 아저씨들한테 돈 뜯는 수법과 성별 빼곤 똑같음"
liebestraum_yan,요가 수업 소중하죠. 인간은 운동해야 하니까. 그런데 딸이 받는 원격 수업은 의무교육과정인 초등학교의 원격 수업이잖아? 어느 걸 우선순위에 둬야 하는지는 명백하잖아?
BamMilk_,"인간색기들이 만들어낸 상황

- 코로롱 1년 가까이 질질 끌고있는 중

- 벚꽃붐 피서붐 명절붐 할로윈붐 붐이란 붐 다 터뜨림(험한말)

- 비대면 수업시 인강/실시간 강의 진행인데 강의질은 떨어지고 돈은 날로 먹고 일처리 제대로 안함

- 수험생들 제대로 된 수업 못받아서 수능에 악영향 끼침"
alwaysdreamyou_,@wangmeoriging 아 진짜 일교시수업인간 티나요 ~~~
library_bee_,"아심심 뭐하지뭐하지

원래같으면 낮에 운동하고 좀 자다가 저녁에 바차타 수업듣고 저녁에 파티갔다오는 스케줄임. 

수업이랑 파티를 위해서 자기관리를 하게 되는데... 그게 없으면 뭔가 의지가 안생겨. 예쁜 옷도 관심없고 살도 안빼고 싶고 ... 인간은 원래 이런가."
get_sung_,"인간은 나약합니다.
그것과는 별개로 오늘 학원 수업 있어서 학원 끝나고 하겠습니다. . .  (님들 왜 안 주무세요 https://t.co/sJCL5PvMvl"
spam_nyam,맞다 오늘 수업 중에 운동(신체활동)을 좋아하는 사람/ 싫어하는 사람도 결국 다 유전적인 차이라는 내용이 있었는데 이런 걸 볼 때마다 인간은 그저 유전자와 전기신호와 호르몬에 의해 움직이는 것 뿐인가 싶기도 하고 감정이나 의지는 결국.. 다 프로그램된 것 뿐인가 싶기도 하고
womyn_1st,"@heygagul 비대면 수업되고 ㅈㄴ 나태해져서 밤낮 바뀌어서 큰일이에요
노답 한심한 인간됨 후"
_ghost_uu_,지금은정말조심해서나쁠건없잖아요 가아니라... 그냥조심해야한다고................... 인간아...니가니입으로확진자늘어낫으니가어디나가지말랫음서다른애들불러다가 지마스크벗고수업진행하는건괜찬다고생각하는거냐고... 인간아아아..................
NOOO_05,@A04037042 르콘이 인간이였으면 아마 지금 직업은 바리스타나 소믈리에 쪽으로 갈거같아요 인어일때 학교생활이요? 인어일때 학교 생활은 아마 다른애들이랑 비슷해요 수업하고 애들이랑 같이 밥 먹고 아 수학여행때 바다 있는쪽으로 갔는데 애들이 르콘이 인어모습 궁금하다고 해서 바다에 던졌는데 르콘이가
SW23T3ST,으악 전 진짜 팀플이 진짜 너무 무서워요 일단 내가 잘못해서 피해가는게 제일 무섭고 빡침ㅜ 그래서 사실 나 수업시간 발표 있으면 혼자한 건 1도 안 떨고 교실을 뒤집어 놓으셨다! ㄹㅇ 가능인데..... 팀플 발표때만 되연 벌벌 떠는 인간 됨 거의 진동울리는 핸드폰
DouxPsycho524,"저 트윗 인알에 뭐 대치동 수업, 스카랑 자습실은 마스크 안쓴다 이런 얘기가 있는데 코로나 초기에는 조금 그랬지만 지금은 절대 안 그럼... 스터디룸이나 화장실 이런 개인공간은 잠깐씩 마스크 벗기도 하지만 공개적인 장소에서 마스크 벗는 인간 없어요...여기에 공간 마스크 미착용시 퇴실입니다."
dxxc_9,21살 짱언이 성인이미자를만나다니 아주도덕성이 옳지못한 인간들이구만 해놓고 몇개월뒤 19살한테 흔들리게 되었을 때...수업 할 때마다 갓샤워한 티 엄청 내면서 샴푸냄새 퐁퐁 풍기는 박고딩 자기 옆으로 훅 다가와 모르겠다고 바보웃음 지을 때 당장핸드폰꺼내서 어머니죄송합니다과외그만둬야할것
Pair_connecT,"넷플릭스 오리지널 인간수업 곽기태 페어님 모십니다.

https://t.co/ao30JZaI81 https://t.co/1sXXFEKbo3"
chungpodo_11,약간 인간수업 지수 같은 느낌 https://t.co/p82F7TbvKn
kimpuppy_3,인간수업 같은 피폐 암울한 드라마나 영화 추천부탁 ..
Ju_Men_,인간수업 다 봤는데 주요 등장인물들이 소시오패스같다
sianon_,"크큭맞아요 ,.., 인간상대로할수업는 건물10층크기막되는 거대마물이나타나서,.., 거대로봇타고싸워야하는그런.,.. 로.봇.좋.아.
숨겨진최종병기라고써잇지만 나라마다 잇엇음 좋겟네요 후 후 https://t.co/bVLC0jrkui"
DelTa_017,@candle_____k6 ...걸린적은 없음.. 그리고 줌 수업때는 정말 수업들음(노잼인간)
iiiiiiiiiisi_,"왜 소프트웨어를? 
공대전공수업을? 
교양으로 들을생각을?
문사철 인간 주제에?"
Cheuna_Art,"교양 듣는데, 연극수업하는거야.
나하고 더럽게안맞구나를 새삼깨달음.
연극을 분석하라뇨 차라리 인간 부속기관을 분석하게 해주새요"
Sulsungisreal,약간 인간수업 주인공 재질같고 https://t.co/pAiAD9btLt
GARY0U0,"글 쓰는 법: 
1. 수능특강 교재를 산다 (정규수업으로 안 배워본 탐구과목이 좋음: 직탐 인간발달 유잼, 과탐 지학 유잼, 수학 기하 노잼)
2. 해당 교재 강의 완강하기를 목표로 잡는다
3. 강의 켜고 책을 편다
4. 20분 후에는 뭐라도 나와 있다...&lt;
    (단, 수강 후 성취는 좋지 않을 수 있음)"
9tentak,"고 ro 나
는 싫은데
비대면은 좋음
외향인간들은 사람들 못만나서 답답하다고하던데 솔직히 비대면 되고나서 대면그리웠던적 단한번도없음
인강체질인듯
그냥 캠퍼스를 등산하며 활기를 얻는편이x 수업끝나면 대외활동이고뭐고 집으로직행하는거지.."
veydjdgi,고딩 유나자영... 열심인간 이자영 시험기간이라고 밥도 안 먹고 점심에 책상에 뻗어서 잘거같지... 수업 종 친다고 일어나보면 책상 옆에 바나나우유며 빵이며 뭐 그런 거 있을거같고... 비몽사몽한 눈으로 두리번거리다 대각선 앞에 앉은 정유나랑 눈 마주치면 윙크해서 귀 빨개질 이자영
CWP_lnitial_Y,-원숭이 아 실례 돼지 아 실례 뇌가 없는 결함인간이 스스로 출하하는 거 같네요 그럼 가죠 나오토님 제가 수업을 해드리겠습니다
pinguincarnival,@okusuri_sweet 현동이 초등학생을 대상으로 알아들을 수 있는 강의를 한다는 가정 하에.... 후미쨩은 현동 수업 들으러 갔다가 오히려 현동 질문에 대답하느라 정신 없을지도 모르겠네요ㅋㅋㅋㅋ 자기 환생이 인간이니까 요즘 부쩍 인간에도 관심 많을거고.... 심지어 미래의 주하님의 환생의 모친....!!
mirok_bot,"샤엘의 마법수업은 재밌어요. 물론 저하고는 좀 거리가 먼 수업이지만요. 왜냐면 제가 마력이 하나도 없어서래요. 저같이 마족과 인간의 혼혈은 정도의 차이가 있어도 마력이 있기 마련인데 전 마력이 전혀 없어서 율을 필수로 익혀야 한대요. 으으, 율이라니!"
rore0401,발표를 할지언정 수업은 인간적으로 2명이상 나와야 할거아녀ㅠㅠㅠㅠ
andymion_,"다음주 영어수업 자료인 넷플릭스 다큐멘터리, 큰 기대 없이 봤다가 코끝이 찡 해졌다.  두 생명의 관계가 우정으로 발전하는 과정이 감동적이다. 자연의 섭리를 이해하는 것이 인간이 가질 수 있는 최상의 행복이라는데 이 영화를 보고 조금은 이해할 것 같았다.  https://t.co/byPc6wiaBv"
GotoDIY_A_peach,1학년때 3D 3대여신이라는 별명이 (하루정도) 붙어서 얼척없이 하하 이러고 말아버린적이 있는데 웃고나니 웃을일이 아닌거임... 수업에 쓰리디가 떡하니 있는데 그걸 제대로 할 줄아는인간이 세명밖에...게다가 그중 한명은 여자조차 아니었음
chaceo_ffxiv,나 저거 그녕 비염 진료받으러갓다가 당해봊적잇음..아마 ㅋㄹㄴ 검사도 그거갓읒데 진자 당하지마세요 저 저거 당하고 코꿰이는거하나로도 인간으ㄴ 움직일수업게댄단걸깨달앗으니가요
jy_xcv,"@dolheeee 퀸스갬빗(영화는 아님)
인간수업(영화는 아님)
ㅋㅋㅋㅋ일단 넷플 오리지널로만.."
chuncheonhuman,역시 인간은 적응의 동물이다. 모든 수업이 다시 비대면으로 전환되었지만 학생들도 그렇고 나도 그렇고 덤덤하게 받아들이고 있다. 문제는 교수자가 온라인 수업의 질을 높이는 것이라 장비를 몇 개 구입하였다.
RitmoLento,아뉘 빡치네 아는 동생네 말랑콩떡 애기 포메 키우는데 지금 개가 온라인 수업하고 있는 사이 집안에 아빠와 큰오빠가 있음에도 불구 사람 진통제 먹었대 실환가??? 그래놓고 지금 카드 안줘서 병원도 못가고 있고 ㅁㅊ거아냐?? 세상에서 인간이 제일 못돼처먹었음 진짜
ocaoe,교수야 인간적으로 수업하나에 일주일 20시간이상 쏟게하는건 좀아니지않을까 심지어 데드라인 일주일에 두개 뭔데 너것만 듣냐고 아~~~~~
pinklys111,@Ve1xzz 수업틀고자는데 엄마가 계속 밥먹으라고 밥먹자고 결국 오빠가 자는 인간 식탁에 들어다 가져다둠 ㅅㅂ
minhyuncookie,@jtbclove 은택선배 완벽주의자라더니 그래서 얼굴도 완벽☆한건가요..행동은 엄격꼰대할때도 목소리는 부드러운거 반칙아닌가여🤔 그리고다빈배우님 인간수업 찐짜 잘봤는데 역시 백호랑도 찰떡👍그래서 언니(이쁘면언닣)SNS주소가 뭐라구요? 당장팔로우할께요ㅜㅜ서연고방송부 앞으로도기대기대💕#라이브온 https://t.co/QSYVlaqs3d
TTyy313,인간적으로 좋은 교수님인데 수업은 진짜 (...)
yumyum_good___,"티뉴한테도 그래서 인간관계랄게 패치말고 남은 게 없었어서 꼬맹이한테 집착했던거면,,ㅎㅅㅎ 멀쩡하던 인간이 쎄해진게 그때부터였다고.

대학생활을 모르는 컨티뉴,, 그래서 대학을 고등학교처럼 다니는 패치. 수업 끝나면 칼같이 집 오고. 널널해진 시간에는 둘이 붙어먹고. 빵집 옆에서 도와주고."
Pair_connecT,"넷플릭스 오리지널 인간수업 곽기태 페어님 모십니다.
https://t.co/ao30JZaI81 https://t.co/BbQg8GL0BS"
madeopse0,@alttajugel_hj 수업들어 얼른 이인간아
M_cheodols,수업 끝나기도 전에 점심 뭐먹지를 고민하는 인간 https://t.co/sT00FrhhDv
Coco_9595,"@Clematis_H 인간 수업,킹덤.."
mementomoribot_,"- 우리들만의 이유! 최연안. 우리가 사복을 입는 이유는 교복이 일본의 잔재이기 때문이고, 우리가 미팅을 하는 이유는 널리 인간을 이롭게 한다는 홍익인간 정신때문이고, 우리가 수업시간에 자는 이유는 청소년은 꿈을 가져야 하기 때문이다."
babysuchatease,아 시발 앉아서 수업듣는거 고역이다 내가 다시 술을 마시면 인간이 아니다
GOA_cpp,"울리히: 인간일 때 수업에서 ""모순된 말을 찾아보자"" 라는 걸 했는데, 다들 ""거대한 소행성"" 혹은 ""완숙한 소녀"" 같은 단어를 말하는 와중에, 내 머릿속엔 ""이 암캐자식"" 이라든지 ""조용히 울부짖어보시지"" 같은 것 밖에 떠오르지 않아서..."
kong_kkong_,그랖티 프로필 약간 인간수업 너낌
candle3538,"인간의 인식과 그 실천적 삶: 『빌헬름 마이스터의 수업시대』, 『빌헬름 마이스터의 편력시대』&lt;유럽문학 오디세이&gt; 블로그: https://t.co/Jk843xcZXG https://t.co/qEBPs9XKcR"
hyosiq,Extracurricular (인간수업) - 2020 https://t.co/72kBOc6hnX
sikkkk_,"너무해
ㅠ
ㅠ
ㅠ
비염인간은 어절수업는데!!"
CWP_lnitial_Y,-원숭이 아 실례 돼지 아 실례 뇌가 없는 결함인간이 스스로 출하하는 거 같네요 그럼 가죠 나오토님 제가 수업을 해드리겠습니다
bluegatecrossin,아 먼가 까먹었다 했더니 수업을 또 놓침..인간ㅇㅏ 너는 학생이다 까먹지 말어라
vanchak_vanchak,인간은 계속 변화하는구나 싶어서 정말 감명 깊은 수업이엇어요
chain_holic,@hjhj0649 와우...요새 드라마들 항상 좋은 아이디어로 후반에 다 말아먹는 패턴인가?? 스카이캐슬 이태원 클라스 인간수업 다 후반을 조져버리던데 너무 아쉬움
jjuverr,"@RtEbMzI 어쩔수업나바요
반존대인간들....
편한걸머어캐..."
tlqkfzz315,"저는 완벽하고특별한사람이되고싶어요
근데인간은 그럴수업죠
근데나는 단점이랑 못하는것도 완벽함에 포함되는인간이??있다고생각하거든
나는 그런의미로 완벽해지고십어"
Pair_connecT,"넷플릭스 오리지널 인간수업 곽기태 페어님 모십니다.

https://t.co/ao30JZaI81 https://t.co/S8MjHWZmXp"
dan_0908a,"우리 지도교수...본인피셜 20대초반까지 말썽피워대고 클럽다니면서 놀다가 군대갔다오고 정신차려서 연세대코스 밟고, 대학교수된 케이스랬음. 그런 인간을 제 머리로 어케 이해하나요...수업도 알다가도 모르겟음"
narang1678,손목아프다는 사람 열트럭만 봐서 손가락뼈 손등 아픈인간은 찾을수업고 그에따른 해결책도 못봄 하아아 다들 손목만아프냐고 내가 아픔조차 마이너여야하냐 사실 나 손목아픈적별로없어 손가락뼈줄기를 타고 손등이아프지
You_weol,일본문화 관련해서 레포트써야하는데 주제 아직도 못 정한 인간...뭐써야하지 애니관련해선 1학기 때 같은 교수님 수업 레포트로 내서 소재가 없어 뭐하지 주제 생각하다가 시간 다가겠네
woqwoq22,"상상할수업는 김민규리스트
1.냉혈광공 민구. 에비앙만먹음. 냉장고 텅비어잇음. 순대곱창 이런거 쓰레기취급
2. 웅변가 민구. 또박또박 주술호응 맞춰서 말잘함. 오쪼쫏거리는 사람 멍청이취급함
3. 인간혐오하는 밍구. 인간탄생이 죄악이라고 맨날주장하기"
desiree_h_25,@Wind_Beagles ㅠㅠㅠㅠㅠㅠㅠㅠㅠㅠㅠㅠㅠㅠ 괜차나여... 인간은. . 원래.. 조아할수업스니까......((토닥토닥
GrapeWife,"아 인간수업 뭐지 존나 별론데 보고있음
존나 별론데 끌려"
toomessytobe,영신은 밥 한번 먹자 를 검색함. 좌절함. 한국인의 빈말 1위. 하지만 김영신은 의지와 끈기의 전국대였음. 그것도 난다긴다하는 인간 천지인 태권도판에서. 영신은 수업없는 날 창네 회사 근처에 감. 건물은 아래에서 끝이 안보였음. 영신은 근처 까페에서 커피를 주문했음. 통화버튼을 누름.
twoJ___,인간수업재밋다얘들아나네번봄
sscnxw,"고양이도 존내 커엽고 인간도 존내 커엽다
내려왕~ 내려왕~ ㅠㅠ 수업가야행 내려왕~~ ㅠㅠㅠㅠ"
naanri_2305,에라이 오늘 오전에대회나갔다가 오후에수업듣고 저녁에행사참가해서 다음날까지밤새고 오후에수업듣고 그다음날오전에 자격증시험치기가 인간이가능한스케줄이냐고
sanme_1234,"# 앤캐에게_자캐식으로_가지말아요_라고_말해보자

채이: 더 같이 있고 싶은데.. 갈꺼야? (지금 6시간을 같이 있었다)

서인: 가지마, 응? 밖에 춥잖아 나가지 말자 (전공수업 째라고 하는 인간)

서진: ^-^ 지금나가도 버스 끊겼을꺼에요, 해민씨. 가게요? (수작부리지말아라"
na961204,@rbql_commu 흑흑흑 넘 하고 싶어서 2:1 수업 가격 물어봣다가 앗아 오케이 바이 하고 끊엇지 뭐애요... 버티는 건 할 수 있는데 인간들이 작작 나돌아다녀야 말이죠 으휴... 으휴으휴...
DESTINY_BOB_,그치만~~ 나는 조아하믄 사람들한테 엉겨붙는거 조아한단말야~ 어쩔수업어 인간 바디필로우가 되라
Primula_Mm,ㅇㄴ.. 다시 수업하러 떠남니다.... 드디어 마지막 교신데... 이 인간이 과제를 오지게 낸단말이지..........
Dam_CPP,"토마스 「나도 어렸을 땐 좀 인기있었다고. 수업 중에 여자애들이 내 얼굴 보면서 그림을 그리거나 얼굴을 만지거나.」
달이 「그건 '관찰'이란거야. 인간 외의 것에게 행해지는 거.」"
DANNM0MA,오늘은 누워서볶음밥군만두먹으면서수업들응 인간세바스띠앙 됏다
Bom_0w0,@sasu_dew1 헐.. 음성이길 바라면서 집에 얌전히있어야겠네요.. ((1교시 시작부터 의심환자 나와도 단축수업으로 1시에 마쳤던 인간
J_HAJIN_,"그리고 고딩땐 헌혈하면 수업 한시간 쨀 수 있었어서
학교에 버스 올때마다 달려갔지(떡잎부터 글러먹은 인간)"
4UCK0FF,"사실 저 애기고양이를 두고가자 맘먹으면
10초안에 갈수잇다고 물리적으로는
입으로는 수업가야한다고하지만 사실은 고영이가 더 자신의 가방을 탐해줫으면 하는 인간의 마음인거임 https://t.co/JWmaDaxcPS"
hahadong_0,22. 저는 완벽한 새벽형 인간!!! 이었으나... 원격 수업에 의해 강제 아침형인간이 되어가는중입니다ㅎㅎ
futureisusss,안녕하세요 킹시국에 1시간 수업하러 학교 가는 인간입니다🤦🏻‍♀️(물론 일대일..수업이라서...!...)
Pair_connecT,"넷플릭스 오리지널 인간수업 곽기태 페어님 모십니다.

https://t.co/ao30JZaI81 https://t.co/tRUG2KKanF"
5iingbboiingoil,"정국이 작년에 자기 수업 들음 
6명 공통 - 의식을 확장하는 수업 (지구경영초대) -&gt; 생각하는 영역이 지구를 품을만큼 의식이 확장된다 
1명 늦어서 안들어옴 (김석진) 
뇌를 훈련하면 춤도 언어 노래 까지 인간의 능력이 점프  일반인들도 비티에서처럼 체계적으로 명상 뇌훈렫 하면 능력이 점프된다"
jjhs0410,"이제 합법적으로 이안가은 키스신 연성해도 되는 거죠? 네 사실 그 전부터도 했던 인간입니다 이걸 심지어 ar카드로 만드려고 했던 사람입니다제가 모르겠고 일단 이 감사함을 수업듣는데에 쓸 수는 없을 거 같아요 저리가라 이 현생아
너무 횡설수설이긴한데 지금 딱 죽을 거같아서 그래요 죄송합니다 https://t.co/94XjCQoFH4"
CWP_lnitial_Y,-원숭이 아 실례 돼지 아 실례 뇌가 없는 결함인간이 스스로 출하하는 거 같네요 그럼 가죠 나오토님 제가 수업을 해드리겠습니다
TR_dazai_,왐마 딴 짓하다가 수업 늦을뻔;;;;  정신 똑디 차려 인간아
sakura4280,줌 수업에 얼굴대신 그림을 보여주는 인간(결과는 그림 나 닮아서 성공적 https://t.co/Y5dcks9Beg
JKYoongiV_0613,이건 어쩔수업는.인간의 본능일뿐이야 https://t.co/mgYNJ5MDZQ
dldpvkd_OvU,교수님들 인간적으로 과제 안내줘야하는거아니신가요? 교수님 대답좀해보세요 수업으로 충분히 만족하셔야하는거아니신가요?네?
newsen_t,‘인간수업→산후조리원’까지 180도 연기 변신 남윤수 [스타와치] https://t.co/0eDdxOYzCj
arwhkk,그게 무슨 수업 후 질문같은것도 아니고 치명적 사안이 될 수도 있는 것을 궁금하다는(그게 설혹 필요성이 조금 있더라도) 이유로 묻는다면 그것만큼 인간의 도리를 지키지 못하는 경우는 없지않나.... 최대한 입 다물고 주는 정보만 기록했다 심각한거면 알아서 말해주겠지 하면서
RR_Penguin,그렇게 우연이 겹치고 겹쳐서 공공 조직론 수업을 들을까? 까지 옴...인간이 애매하게 공공조직에 모이면 어떻게 망하는지 공부하는거 너무 재밌잖아 다 뒤졌어 시1발
Sanem_Kong,아 졸리다 자러가야지... 수업이 다 대면인데 낮밤 바뀐 미친 인간 나야나
donmalyeo,인간수업 진짜 무섭고 재미썽
untraceablenpr1,"킹덤
인간수업
어둠속으로
주말
토요일
가구
레고가구
물
곰팡이
오염
여름영화
추천영화
넷플릭스추천

aopKVg3u https://t.co/rW3UPUbvpv"
hnctlk7,인간수업다봤응려진짜소름돋아
hades0831,아놔 근데 인간적으로 일러 드로잉도 본인이 해야하는 게임디자인 전공이 있는데 그 전까지 한 번도 드로잉 수업이 없었던게 말이 되냐 저학년때 에펙도 프미도 배우는 거 없었는데 그 해 기말과제 로 우리지역 센터에 견학 다녀오더니 자 이제 3주동안 영상을 만들어와라 하는게 말이 되냐고~~~
SV_1230_0309,제 애옹 용기는 이렇게..탄생합니다 낙서라는 소리죠...이런 그림은 수업시간에 큼큼 암튼!! 수인이라 처음 인간으로 변한 날 옷 처음 입은 융🐱😭 https://t.co/9CsfAYk1so
kimpuppy_3,"ㅋㅋ 아 .... 여러모로 화나요 일단 
1. 확진자 495 실화냐 고삼 배려좀 제발나가돌아댕기지좀마 내친구 자가격리되서 ㅅㅂ논술면접 다불합격됨 제발 부디 집에 .. 
2. 월킷 너네졍우한테왜그럼 
3. 인간수업 배규리존나짱나"
mono_0423,인간수업처럼 막.. 어? 막 그렇게 막 https://t.co/aTzXnWi5U1
seventxxnl,@8_ryong_ 동백꽃필무렵 인간수업 빌어먹을세상따위
Or_Zenka,"시험긋나고커뮤뒤면하고싶은거
1.인간언어를이해할수업는자캐커뮤에내기근데시발빠꾸당할듯하지만난그런게조음
2. 한국인잔득잇는커뮤에 이것이바로 한국의문화로군요!! 정말훌륭합니다!! 하는 일본인여캐내기"
Pair_connecT,"넷플릭스 오리지널 인간수업 곽기태 페어님 모십니다.

https://t.co/ao30JZaI81 https://t.co/Eb6Nl6wUmQ"
JIPGAGOSHIP,"인간적으로 수업하나에 4시간이라뇨 뭔 연설하시나요,,,,아 적응안됨"
csycsy0203_33,1학기땐 거의 비대면이었고 가끔 대면수업해도 다들 서먹서먹해서 종강한담에 하고싶은거 실컷 했는데..아 인간 싫어(??
kimpuppy_3,인간수업 배규리 존나짱나진짜 아오 혈압올라
my_love_jsp,약 골라조... 사실 나 넷플에서 인간수업 밖에 안 보긴 햇어...
jieun_cos,@BIMO_COSPLAY 인간수업!!
guuanine,"이런말 해도 될랑가,,,,,
그 어떤 호모적 얘기를 다 떠나서 (진짜 떠나는거맞음) (씨피어쩌고 떠나는거맞음) 철ㄹㅓ 매우 십탑스럽고 잼인이랑 잇을 때 창과 창이라는 게 역시나 싶고....갱장히 호방해서 조음 의외로 인간십탑잼이니한테선 볼수업는모습,, (호모얘기 떠난거 맞는데 안 떠난거같은 느낌"
_B_B_7,헐 애들 인간 에유푸나요 그럼 우리 하쿠도 빠질수업는겄
lovelovekak,대학시절 그리울때는 교양수업 그리울때 ㅎㅎ 다양한 인간들이 모여서 피피티 발표할때 그리움 피피티가 개성이 진짜많아 노력기울인거 천차만별이고 발표하는것도 천차만별임 내용은 다 거기서 거긴데 똑같은 내용 다른사람으로 발표 3번하면 시험공부 안해도되고 좋앗음
KIEFERPE_BOT,"프레디 「나도 어렸을 땐 좀 인기있었다고. 수업중에 여자애들이 내 얼굴 보면서 그림을 그리거나 얼굴을 만져오거나.」
첸 「야, 그건 '관찰'이란거다. 인간 이외의 생물에게 행해지는 거.」"
nugugea114,초딩 때 벨소리가 꿈빛파티시엘 주제가? 아무튼 그거였는데 폰 안 낸 날 웬 별 이상한 인간이 전화가와서 수업시간에
F0M411_i7,(수업하면서 과제 작살낸 인간 올림)
CWP_lnitial_Y,-원숭이 아 실례 돼지 아 실례 뇌가 없는 결함인간이 스스로 출하하는 거 같네요 그럼 가죠 나오토님 제가 수업을 해드리겠습니다
JAERHUAM,흐아악 오늘 상담 마지막이었어 흐아악 급하게 동영상 보기 ㅠㅠ 존나 나 어지간하면 성실하게 매일매일 수업듣고 매일 필기하는 인간인데 이런 쓰바 밀려서 하고 앉아있음
Inseoul_gal_le,@ota_219 인간수업
Senrits_Kano,그냥 나 개인으로서는 강제로 뭘 읽고 독후감 써야 하는 일만 없으면 대체로 잘 읽었던 것 같다. 교과서 지문도 수업 범위보다 한참 나중의 것들도 한번 넘겨보고 재밌어 보이면 그냥 읽었다(딱히 예습은 되지 않았음). 결국 나란 인간은 시키면 하기싫어지는 것이다
Coney005,"수업 끝나자마자 과제하기=인간적으로 불가능 
과제 마감 하루 전에 끝내기=불가능 어려움 숨이막힘
수업시작 3시간전 과제하기=쌉가능"
EandISFP,@hahadong_0 인간수업 봤응??
Overwhale512,"@4our_seasonss 확실히 그게 좋겠죠....?
근데 새벽형 인간이라 수업이 있는데도 블구하고 자꾸 4시에 자고 싶어져요 ;-;
가족들 다 잘때 글 쓰는 쾌감이란.....(중독
이러다 3시간 자서 수업 다 날려먹는데..."
oleunson_mania,"드라마 완주한지 좀 됐는데, 왠지 마무리 해야 할것 같은 타래라서...ㅇㅇ 

인간수업 보세요. 

근데 나는 약간 진상 학부모가 되는 경험을 함.

"" 우리애가 원래는 착해요... 모범생이고 공부도 잘하는데... ""
이런 변명을 하게 되는 나.
괴리감에 빠진다."
candle3538,"인간의 인식과 그 실천적 삶: 『빌헬름 마이스터의 수업시대』, 『빌헬름 마이스터의 편력시대』&lt;유럽문학 오디세이&gt; 블로그: https://t.co/Jk843xcZXG https://t.co/qEBPs9XKcR"
Pair_connecT,"넷플릭스 오리지널 인간수업 곽기태 페어님 모십니다.

https://t.co/ao30JZaI81 https://t.co/995a8oKD0P"
dhfhcl2012,인간에 관한 고찰 방향으로 머리를 굴리게 하는 수업이 재밌긴 한데 생소하기도 하고 어렵기도 하다
littlewonbin,"인간수업 같애..
비록나는그거1화밖에안봣긴한데
같은인씨니까뭐 https://t.co/ZgmMTWuZOi"
reattackingbake,"오랜만에 야스퍼스의 책이 나왔고요. 칼 야스퍼스, &lt;철학적 생각을 배우는 작은 수업&gt; https://t.co/HMwrimurOL ""공영방송의 텔레비전 대학에서 1964년 10월부터 12월까지 매주 30분씩 진행한 강의를 담고 있다. 우주와 생명체, 역사와 현재, 인간과 정치, 사랑과 죽음 등을 다룬다."" 이학사."
yoikjja,아니... 존나 전.공 수업 실습.재료... 돈 없는데 내라그러네... 인간적.으로 등록금 500넘.게 쳐 내고 다니는데 그건 교수님이 처.리하시면 안될까요 존나... 싫다 응응 심지어 난 얼.마 쓰지도 않았는데;;
seulmi_1025,하 아니 인간적으로 줌수업 10분늦었다고 한달정지는 너무하죤 ㄹㅇ
OhVt4,진짜 개웃기네 1교시 잡은건 교수님이면서 수업때마다 항상 사과하심 여러분이 저 때문에 아침밥을 못 먹죠~? 이거 조용히 맥이는건가; 기필코 아침형 인간이 되지 않겠습니다
Estate_sweets_,앗시 기말 다다음주고 과제는 3주후 제출인데 논증문 대체 어떻게 씀 이 수업 죄다 음소거하고 넘겼단말임;(대학생활 실시간으로 날로 먹는 인간
donmalyeo,하 시발 인간수업 진짜 재밌네 증말
mesheeen,인간수업 밤새서 다봄
starlove_1ight,"콘서바토리 고양이를 만났다
썬파트: 혹시 고양이가 날 싫어하거나 놀라면 어쩌찌? 망설이고 망설이다 조심스레 츄르 내밀었는데 인간캣닢이었음 수업 가야하는데 무릎에서 고양이 잔다
동파트: 얼굴과 미소로 고양이를 유혹해봤으나 고양이는 먹을것만 먹고 더 다가오지 말라고 하악질함"
donmalyeo,와씨 인간수업 개재밌는데????? 지금 2화까지 밨ㅅ성
donmalyeo,호곡 인간수업에 바버렛츠노래나온당
donmalyeo,인간수업시작했긔
stskmt6,20대 후반 이후로는 49~52로 살았고 그땐 건강함 몸살도 일년에 한두번 겪었는데 43~46이던 고딩~20대 초반 인간은 놀러라도 가면 주에1회 달에2회정도 감기몸살나서 학교도 존나 점심시간에 가고 대학도 수업 빠지고 넘 힘들다 젊은 시절도 그랬는데 지금 그러면 너무 힘들 것 같아....😨
Th1s2ShallPass,경상쪽으로 가면 단 하나도 재미없음.. 하지만 문과수업들은 재밌습니다... 신화가 내포하고 있는 인간 근원에 대한 심리학적 고찰... 이런거 말이죠
sanchimental,고딩때 진짜 개짜증나는인간이었어서 (지금 아니라는 건 아님) 데엪데 죽었을때 독일어수업 들어가서 선생님 데엪데 죽어서 수업못듣겠어여 이지x함 얼마나 패고싶었을까
GOA_cpp,"울리히: 인간일 때 수업에서 ""모순된 말을 찾아보자"" 라는 걸 했는데, 다들 ""거대한 소행성"" 혹은 ""완숙한 소녀"" 같은 단어를 말하는 와중에, 내 머릿속엔 ""이 암캐자식"" 이라든지 ""조용히 울부짖어보시지"" 같은 것 밖에 떠오르지 않아서..."
daldal_come,워더링도 가기로 해따...여운 즐기다가...쩔수업어...인간은 마조인걸...
Lay_LoR_,"세상과 인간의 아름다움을 연주할 거야.
우리가 지닌 외로움의 경계를 무너트려줄··· 이딴 걸로 아ㅋ난 목적 설명다했음ㅅㄱ하는 또라이여도... 납득은 솔직히 가는데

근데 별개로 저거 트윗 말투 넘 재수업나 잠깐 생각해서 다른 원작 대사 봤는데 좀더 재수없어져도 괜찮을 것 같음"
mxUSim,"기현이가 너무 이제 기현이같지가않아 하도 만나본적이 업구 톡톡으로오고 영통만하니까 보컬로이드같아 . .
기현ㄴㅇㅏ 보고십ㅂ다정말로.. 인간기현이가 톡톡쓰는모습이 상상이않ㄷ. 그냥 인공지능AI가 쓰고 영통도 햄스터는나야둘이될수업어. 하는 아이가 해주는거갓음ㅁ ㅎ ㅏ 기현아너무보고십다"
padfoot_591103,해리를 이해했다. 그의 통찰은 정서와 감정을 깊숙히 파고드는 종류라는 것을 혼혈왕자 때의 펜시브 수업을 보면 알 수 있음. 사람의 과거를 알고 그런 상황에서 응당 가졌을 심리를 파악해서.. 그렇기에 덤블도어의 통찰이 작중 빗나가지 않는 것이다. 그가 사랑의 힘을 아는 인간이었기에 가능했다.
Pair_connecT,"넷플릭스 오리지널 인간수업 곽기태 페어님 모십니다.

https://t.co/ao30JZsjwB https://t.co/oU6u6Lo5er"
CWP_lnitial_Y,-원숭이 아 실례 돼지 아 실례 뇌가 없는 결함인간이 스스로 출하하는 거 같네요 그럼 가죠 나오토님 제가 수업을 해드리겠습니다
hatto_sj,"🐰 비열한 인간.. 

👤 뭐라고? 

🐰 아무것도 아닙니다! 

주며는 그 말을 하고서 뒷문쪽으로 향하던 몸을돌려 의자에 앉았음. 어쨌든, 수업은 진행됐고 주며가 창문을 바라보며 계속 멍을 때리고 있었을때쯤 끝났음 점심시간이라고 하나둘씩 복도를 뛰어다녀서 교실이 쿵쿵 울렸음"
dduya_sun,"@je_dawon0724 그쳐 ,,, 아놔 넘 기차나요 진짜 ㅠㅠ 맨날 고역••
저는 아침에 ..도저히 일어날수업는 인간이라 ... 밤에꾸역꾸역씻어요 .. 씻고나면 기분 조은데 그래두 기차는건 어쩔수업 ㅠㅠ 더잔인하게 ..들으면서 씻구오께요 크크"
313_Saltdolphin,"@AH27_Daram 적어도 디스플레이로 웹툰 보는 것처럼, 블루라이트가 눈에 들어오지 않겠네? ㅋㅋ, 얼마나 정보를 얻는데 친인간적인 수단일까. 근데 너는 안자? 내일도 수업있을꺼 같은데."
JDSK00,근데 통 걷질 못해서 결국 업혀가는데 오늘따라 수업종 드럽게 안 치고 복도에 인간 너무 많고 무엇보다 이 형 친구 개많다고 생각하는 차니. 마주치는 사람마다 말걸고있음. 야 솽여나 뭐냐 어디가냐 걘 누구냐 아프냐. 그래도 다행인 건 상이 대충 다 씹고 양호실로 뛰어서. 솔직히 멀미날 거 같은데
pingskz,"지금 연진이 머릿속엔
아씨발내가거길왜또갓지 내가 또 술을마시면 인간이 아니고 까미동생이다 동생 ㅆㅂㅆㅂ(하지만이미까미동생13회차일듯) 이생각 뿐이라 수업 듣다말고 책상에 머리 박다가 쉬는시간에 튐 그리고 구남친 씻기고 재우고 끌어안고 쳐잣으면서 아무렇지 않아보이는 이미노땜에 빡침"
e_ong_g,"@amond_vovong 그 머냐 정다빈 그 분 누군지 아녀 
그 인간수업에 나온 새럼이잖아ㅜㅠㅠ
인간수업 봣니 ㅜㅜ"
billyjeanmh,남윤수 배우 뭔가 엄청 인스타 핫가이 같고 뭐든 할 수 있을 마스크라 앞으로 매우 기대된다 인간수업때랑 산후조리원 때랑 너무 다르게 좋음
Sasori_Holic,"사소카유 학교 AU로
(이때 사소리는 인간이었으면 좋겠다ㅠㅠㅠ)

수업시간에 카이유랑 사소리가 서로 눈마주쳤는데 카이유가 활짝 눈웃음 지으면서 웃으니까 귀까지 새빨개져서 고개 팩 돌리는 사소리...."
luk31729,인간수업존나재밋내...
moon_under_,대학다니면서 매학기 거의 법수업 넣는것 같은데 진짜 할때마다 화딱지가나는데 법 모르면 완전 쩌리 인간 되어버려서 자꾸 듣는중.
0du923,"좐노 따라서 인생수업 볼까 생각 중
   ㄴ 인간수업이에용"
hollolllui,항상 느끼는거지만 ... 제 페잉에서 영양가잏는 답변을.. 얻으실수업습니다.. .... .. 설명을 이세상에서 제일 못하는 인간이라서...... ㅠ ㅅ ㅠ ...
mirok_bot,"샤엘의 마법수업은 재밌어요. 물론 저하고는 좀 거리가 먼 수업이지만요. 왜냐면 제가 마력이 하나도 없어서래요. 저같이 마족과 인간의 혼혈은 정도의 차이가 있어도 마력이 있기 마련인데 전 마력이 전혀 없어서 율을 필수로 익혀야 한대요. 으으, 율이라니!"
____DOG9,@SCOOP_ing 매일이 농땡이인 인간 반성하고 갑니다 근데 전공은 진짜 미룬적 없는데 과제가 너무 빡세요.. .. 자꾸 뭘 일주일 안에 만들어오래 내가 니 수업만 듣냐고 !!!!!!!1
Seori_0718,"@LEN_after528 아침에 알아서 깨고 자동으로 학교 갈 준비해서 학교 가고 수업 듣고 하다보면
하교하고 놀고 있다보면 어느새 매번 자던
시간이 돼서 자는 건 모든 인간이 그렇지 않나"
wecallitlove_,전.. 반곱슬인 자신을 견딜수업어서 가끔식매직을함니다 이거안하면 인간꼴이아니게됨
kim_nemmo,&lt;&lt;줌수업때 죽어도 캠 안키는 인간
a_chichick,음... 이제 피피티 만들어야지 논거 아님 수업자료 안주는 인간 피피티 땃음 개 시팔
l010l_,"원장님: 미리미리 수업할 수 있을 때는 아침에 해둬!
나: 네... (눈떼지말라던인간이누구더라심리적꼬라봄)"
Shooting65,괴로워한다는 걸 알고 엄청 분노했으면... 이어진 딱히 그런 인간때매 자기 맘 숨길 생각도 없고 해서 저 선배님 좋아해요 하는 티 엄청 내고 다녔음 좋겠네ㅋㅋ 맨날 뭐해요? 하고 문자하고 수업끝날때까지 기다리고 카페가서 뽕스무디 사다주고 그러겠지. 그런데 어느날은 같이 듣는 수업에서
jjutie_0115,@ox_itit 엘리트들 인간수업
ddaoogi01,조별과제가 많던 2학년 수업. 꿀강좌라고 몰려든 3학년들과...너나할거없이 죠랑 같은 조 되고싶어서 난리부르스를 치던 인간들이 그날은 유난히 완이랑 하고 싶어함. 족보가 따로 있다느니 일단 알아서 다해준다느니... 크게 속닥거리는 말이 꽤 자극적임. 완은 듣고도 모른척 웃기만함...
GOA_cpp,"울리히: 인간일 때 수업에서 ""모순된 말을 찾아보자"" 라는 걸 했는데, 다들 ""거대한 소행성"" 혹은 ""완숙한 소녀"" 같은 단어를 말하는 와중에, 내 머릿속엔 ""이 암캐자식"" 이라든지 ""조용히 울부짖어보시지"" 같은 것 밖에 떠오르지 않아서..."
cuckoomaidenks1,"킹덤
인간수업
어둠속으로
주말
토요일
가구
레고가구
물
곰팡이
오염
여름영화
추천영화
넷플릭스추천

yR8SBVSP https://t.co/jYFxO4exUa"
sem_0210,"개개는 인간 수업가튼거 몰라.
개개는 인간 옆에서 잠이나 자고십어."
DJ_Ryuka,"아 진짜

애비란 인간이 ㅅㅂ 집에서 뺑뺑 쳐 논다고 생각하는건지 아니 시발 취미로 농사를 할거면 혼자할 수 있는 규모로 하라고 온 지랄을 다 떨어대도 뭐들고와라 뭐해라 아니 시발 니취미지 내취미냐구요 난 수업하는데 그걸 어떻게하냐니까 말을 그딴식으로 하냐고 ㅈㄹㅈㄹ 좆같다 뒤졌으면"
PuRe_cihu,걍 저 인간은 수업하기가 싫지 아주
eggo_el11,인간수업 보고 뒤늦게 스캐봐서 그런지 기준이 보면 오지수 생각만 남 귀여워... 근데 연기 잘해서 그런지 다른 사람처럼 보이긴 했다 기준이 완전 순딩
bookeditor_,"&lt;죽어도 선덜랜드&gt; &lt;인간수업&gt; &lt;사이코지만 괜찮아&gt; &lt;이번생은 처음이라&gt; &lt;보건교사 안은영&gt; &lt;에밀리, 파리에 가다&gt; &lt;너의 모든 것&gt; 시즌1·2 &lt;대시 앤 릴리&gt;... 넷플 구독 후 지난 세 달 동안 달린 나의 시청 목록... 구독 안 했으면 어쨌을까잉...  (영화는 적지도 않음)"
CWP_lnitial_Y,-원숭이 아 실례 돼지 아 실례 뇌가 없는 결함인간이 스스로 출하하는 거 같네요 그럼 가죠 나오토님 제가 수업을 해드리겠습니다
moondi_0,"@mewmew__m 하아 엄마 ~~ 엄마 딸도 시집가 ~!!!!!(((((정장 하 ㅋ 딱 차랴입고))))))

아니ㅣㅣ제가ㅏ이따구로 말하는데귀엽다는어디서온이미지인거죠 이해할수업습이다 ... 인간의 하트 .."
IAOUS_,내일 수업 하나인데 그냥 안잘까 도 ... 고민하는인간
woubeloved,@cocoball_yum 헉 인간수업 재밌어요
MoCH22_,"이 인간은...... 대체 뭐가 문제인 걸까
알수업다 https://t.co/c712Ph47sU"
hohokku,"는데 그걸 모르고 겉보기에 무섭고 쎈 애들이니 무조건 지면 안된다는 생각에 정도 안주고 그랬었다. 그러면서도 수업을 하다보니 아이들도 나도 서로 어느정도 정을 주고 받았는데, 인간이 덜 된 나도 어른이라고 고민도 상담하고 자기 미래에 대해서도 이야기하고, 성적 잘 나오면"
yousy0913,"@: 할수잇다!.. ^ ^ ..
천사오너와천사캐의힘을얻고감

제삼다 교수앞에서는 저도 어쩔수업는 인간인가봅니다
ㅋ
ㄱ
ㅋ
ㄱ
ㅋ
ㅋ"
cocoball_yum,인간수업 아직 3화라 그런가 재미짐
Hui_E_,@salgugu 아 맞네;; 사실 구라예요 저 수업 땜에 9시에 일어나는 인간이애요
_eighty_80,아진짜 아 내 역사랑 기가 어떡하나 내가 자습학원 왜가는데 집에서 집중못해서 가는거아니야 아악 근데 뭐? 집이 어쩌구? 하 진짜 인간적으로 당장 시험기간인 애들이랑 고삼을 보내줘야지 뭐 이상한 개인수업 따로듣는 애들만 오라고? 하 진짜....
s_LETHE_s,@only_SSG 어어 11시 그거 불법... (중딩때 12시까지 학원수업 듣던 인간
GOA_cpp,"울리히: 인간일 때 수업에서 ""모순된 말을 찾아보자"" 라는 걸 했는데, 다들 ""거대한 소행성"" 혹은 ""완숙한 소녀"" 같은 단어를 말하는 와중에, 내 머릿속엔 ""이 암캐자식"" 이라든지 ""조용히 울부짖어보시지"" 같은 것 밖에 떠오르지 않아서..."
St80yrkYs3AwPoD,인간수업은 정주행 2번밖에..ㅋ..
betmylife_whale,"ㅋㅋㅋㅋㅋㅋㅋㅋㅋㅋ아까 내가 역겹다고 했던 교수 수업 에타 특히 마지막 개사이다
진짜 미친인간들 많다 ㅋ https://t.co/R1oM4RVVXu"
Yagyu_krbot,끝없이 탐구하는 것은 학생...아니 인간 본연의 자세 아닙니까? 수업중에 궁금한것이 있으면 손을 들고 질문하는 것이 당연하다고 생각합니다만.....
tesachu,@dahey10131 이번학기에 듣는 수업이 대조언어학 깔작거리는 내용인데 이런 게 비슷하다고?? 싶은 것도 있고 이런 게 다르다고??? 싶은 것도 있어서 재밌어요 발음이야 인간 구강이 같으니까 비슷해지는 경향이 있다쳐도 문법은 정말 왜 이렇게 다르고 왜 이렇게 같은지 신기하네요
doUknowkimchi1,"응답하라 바보애이스
부탁이 있다
그것은 다름아닌 토레인 선생님의 수업 필기를 해놓는것
우리의 강아지 뽀삐도 그 정도는 할 수 있다지
넌 그래도 인간이니 색깔별로 이쁘게 필기 부탁한다
듣고있냐 메이데이 메이데이
                                        왕왕 ㅆㅂ"
mineusyear,@WJ_0119 인간수업 킹덤 기묘한 이야기
candle3538,"인간의 인식과 그 실천적 삶: 『빌헬름 마이스터의 수업시대』, 『빌헬름 마이스터의 편력시대』&lt;유럽문학 오디세이&gt; 블로그: https://t.co/Jk843xcZXG https://t.co/qEBPs9XKcR"
u_r_not_here,학부모 참관일에 교실 뒤에서 음산한 분위기 애써 감추면서 인간으로 모습 바꾼 나신이가 븨티 수업 받는 거 볼 것 같고 그렇네
cocoball_yum,인간수업 잼있어?
Damang_Commu,"@VFHDHJ3H ㅋㅋ ㅋㅋㅋㅋ ㅋㅋ ㅋㅋ ㅋ ㅋㅋ 아나 말랑멈무 볼떄마다 웃겨죽갯는... 거의 뭐 미들네임이다 이거지 
ㅎ ㅎ ㅎ ㅎ ㅎㅎㅎ 지애 볼때 디폴트표정인거임 ㅇㅉ수업지 저렇게 귀요운 인간을 보는데 그런 표정이 안 나올 수가 업는??? https://t.co/rkTqggd5zW"
Rang_Commu,"40. 연모란
새여캐 짠게 많은데 여따 소개 안할수업지....통통하고 귀여운 다람쥐입니다(?)
아아니 인간이에요....키작고 사랑스러...운데 본인은 모릅니다! 별명은 딸기우유 마시멜로(?
똑똑하고 상냥하고 조금 소심합니다☺ https://t.co/IPlLlDDk0J"
dewa12sora,비대면 안할거고 특별한 상황이 없다면 수도권 가지말라고 문자 온거 확인하자마자 수업 끝나고 집가려고 탄 엘베에서 마스크 안쓴 인간봄..
water__dark,"하시발 또 2단계격상대서 엄마 수업또못함 개씨발,,,,, 9시이후 운동불가인데 엄마 수업이 9시부터란ㅇ말이야 개빡치게진짜 인간들아 다죽어"
bonobono_0613,@eungnyang 전 후자에 한 표 겁니다~~!! 제가 대충살아 인간이고 해덕이기도 한데 마법공부 인간 세계의 공부보단 재밌겠지만 역시 공부는 싫어 인간이라 그냥 학점 신경 안쓰고 수업만 겨우 듣고 숙제도 대충하고 그러는 거 아녀요?? ㅋㅋㅋ
GGing_GGong,부산  인간들은  눈오면  일단  ..  학교에서  수업  받다가도  냅다  뛰어나가서  눈맞는다구요
Dong_Dong_ing,그때 그 인간들 사이에서 문조랑 이랑이랑 만나게 된거야. 같은 수업을 듣는 건 아니였지만 교양수업이 겹쳤다고 치고. 처음엔 말끔하고 조용한 사람 그 이상 그 이하도 아니었겠지. 여우때처람 후각이 예민하거나 이젠 그러지않으니까 근데 문조는 이랑을 매번 수업마다 눈여겨보는 듯 했음.
Meoro1122,@BeBe_uwu_ @yuk_1267 ㅅㅂ ㅋㅋㅋㅋㅋㅋㅋㅋㅋㅋㅋㅋㅋㅋㅋㅋ큐ㅠㅠㅠㅠㅠㅠㅠㅠㅠㅠㅠㅠㅠㅠ 시바 나 학교 수업시간이엿다고 미친ㄴ인간들아 ㅠㅠㅠㅠㅠㅠㅠㅠㅠㅠ
zuzu_1001,아...빡쳐 인간들ㅇㅏ 제발 경각심좀 갖고 살자!!! 학원가 선생님들 일 못해서 지금 아등바등 힘들다 제발...제발 부탁이다 나 돈좀 벌고 애들 공부좀 하자 제발... 나 또 이번주 수업 쉰다 얘들아 제발 좀 인간들아 제발!!!!!!!!!!!!!!!!!!!!
chic_pi_,인간적으로 줌수업 너무 하기싫다
wjddndi_whgdkgo,@jjinppangkim 와웅 나도 우리학교 풋볼팀에서 확진자 나왔는데 나 풋볼팀 남자애들이랑 같이 듣는 수업 7개 중 6갴ㅋㅋㅋㅋ 풋볼팀 다 같이 격리하고 경기 취소되고 완전 난리였음 우리학교 맨날 확진자 나왔다고 메일오는디 이젠 걍 존나 익숙해짐.... 이상 세계 코로롱 확진률 1위국가 1위주에 사는 인간이였슴다
Q_uaff,뭔 인간들이 소방교육 듣는데 지랄을 하니. 저 사람은 수업만 하고 시험 떨어지면 지 대가리 탓이지...
stayfairytale,@maru_915_ 아니오 저는 수업때문에 눈뜬거엿던 게으름 max 인간인데오...
CWP_lnitial_Y,-원숭이 아 실례 돼지 아 실례 뇌가 없는 결함인간이 스스로 출하하는 거 같네요 그럼 가죠 나오토님 제가 수업을 해드리겠습니다
dango_adorable,"@ThePurpleInYou 12시 40분은 아닌가봐요... 핑크핑크한 무대가 나오네요..🤦‍♀️ 한시에 수업인데 멀티불가인간이랔ㅋㅋㅋㅋㅋㅋ 눈알 도로록 굴리다 둘 다 놓칠까봐 빨리 나왔으면,,,"
ujugom,저도 주말에 작업 1도 안해서 이번주 강제 부지런인간 되어야해요 수업 세시간 빨리오기(ㅅㅂ)근데 와서도 이러고있다
PongTheCat1,여튼 내일 수업시간에 쓸 자료 만들려고 이거저거 찾아보다 요런게 쏙 나왔네. 역시 공부해야한다 인간... 게으름은 이제 그만....
I_tatsumiya_you,"일어나자마자.....
인간수업 봣더니
기분안좋고속안조음
........kill me"
Dam_CPP,"토마스 「나도 어렸을 땐 좀 인기있었다고. 수업 중에 여자애들이 내 얼굴 보면서 그림을 그리거나 얼굴을 만지거나.」
달이 「그건 '관찰'이란거야. 인간 외의 것에게 행해지는 거.」"
bwt1004,"[1인 출판사 수업] 무의식의 중요성과 1인 출판사의 길, 나는 조직 인간인가 프리랜서가 맞는 인간인가? https://t.co/eKwaX6xzCY"
wolfscannon,"수면 리듬이 무너짐 + 내일은 집중력은 덜해도 괜찮은 수업들 위주 -&gt; 밤새는 중.
인데 괜스레 옛 자신 성찰하고 있네요.
뭐, 외로움 거의 안 탐 &amp; 인간 사귀는 것 피곤함 으로 혼자 책이나 텍스트 파일만 주구장창 보고 있던 아이였었죠.. 왠지 그럼에도 얽혀오는 애들하고 트러블이 좀 있었기도 했고"
Luminous_Altair,폭언을 쏟아대니 내 다른 수업 교수가 폭언교수 제자였는데 우리 앞에서 그인간 깠어 ㅋㅋㅋㅋㅋㅋㅋㅋㅋㅋㅋ 뭐 작업물 버리고 찢고 태우고 해서 스트레스 충격요법 하면 애들이 나아진다고 믿나? 아니 그냥 의욕이고 의지를 다 잃어버릴 뿐임
Jingle_BelL__,@seekingseagull 하..베르나가 좋아하는 샌드위치로 사왓을거에요 둘이 념념먹고 나무 위에서 퍼질러 자다가 수업 시작하면 또 총총 내려가서 수업들으러 같이 걸어가고...(개좋아) 둘이 숙제하는거 넘 귀여워요 (가이:인간들은 왜 이런걸 하는거지?)(말은 이렇게해도 옆에서 같이 숙제 펜으로 끄적거림)
LT_HHB,오늘따라 먹고십은게 많네.. 먹방을 하도 봐서그런가 아니 근데 브이로그를봐도 먹는게 나온다구요 먹는건 어쩔수업는 인간의 본능인거야ㅡ!
malpositionhro1,"킹덤
인간수업
어둠속으로
주말
토요일
가구
레고가구
물
곰팡이
오염
여름영화
추천영화
넷플릭스추천

VXYJJJZo https://t.co/lwtweU8DBL"
AYS_PLB,나 뭔가 ..이런... 외로운...그러니까 애착인간없는상황에 처하면 걷잡을수업는엉엉이가되는듯 엉엉외로워 (내종이인형은 안외롭고...종이인형은 빡친상태임 걘늘빡쳐있음
pearl_sonNCT,@Canadaboi66 노트북 인간수업
banyamilk,하... 확(씨진짜고만좀돌아댕겨라인간들아)진자 늘어서 유일하게 학교가서 듣던 수업 비대면으로 바뀜 눈물남
Allya_cupboard,"@Joel_EPH 비단 여기 뿐만 아니지, 된다면 .. 어디건 갈 수 있을지도 몰라. 또 인간이 아니니 탐지력은 더욱 올라갈테지. (웃고는) 알아, 쉽지 않으니까 .. 그러니 계속 종종 사라지지. 7학년의 나머지 수업이야."
ZERO_KIAN,@mahya_maha 그런 말을 들으니 안심이 되기는 한 것 같아요 사실 들어온 학교가 너무 하드코어해서 더 걱정하는 걸 수도 있지만 뭐 조별과제하는 수업 아직까지 안 온 인간도 있는데 괜찮겠죠ㅎㅎ
Lang_inus,@whale_D1 알아ㅋㅋㅋㅋㅋ전에 넷플에서 봤음!! 수업때 마지막장면만 봤었는데 첨부터 끝까지보니까 진짜 가슴이 웅ㅡ장해짐.... 이감독은 인간인 창조자랑 인간아닌 자식관계(그것도부자관계)를 참좋아하는거같아.. 여기서도 그렇고 프로메테우스에서도...ㅋㅋㅋㅋ
Hana_Cloud_,"이세상 사람이 아니다 평범한 인간은 이런 아름다움을 표현할수업다
이건. 아니, 이 분은 신이다 https://t.co/esEGcefhcS"
Pli_sky,"4. 온라인 수업 들을 때
엄마가 야간에도 일하러 나가는데 엄마가 방에서 자기때문에 방 불 끄고 조명키고 수업들음. 그래 여기까지는 양보와 이해 못하면 인간아님.
수업듣는데 옆에서 전화를하고 자고 일어났으면 불을 키고 방 문을 닫고 나가는건 기본매너인데 이것도 50%확률로 지켜줌. 여기다가"
yoon_021115,@Malang_sun 인간수업
seh000527,"인간 수업...
김동희 ... 또 이렇게 내 사랑이 늘어났다
찌질하고 귀여워서 한대 쥐어박고싶다 https://t.co/WL7CD0DX2j"
CWP_lnitial_Y,-원숭이 아 실례 돼지 아 실례 뇌가 없는 결함인간이 스스로 출하하는 거 같네요 그럼 가죠 나오토님 제가 수업을 해드리겠습니다
Sanso_inrzk,"철학과 교수님을 상대로 인간심리학 질문을 보낸다는 것은 정말 힘들지만 되게 신기함....
이번 수업 덕분에 미야즈 캐해 그리고 회지의 좋은 소재가 되었음"
Lahave_MABI,@LOVE_Songjang ㅋㅋㅋㅋㅋㅋ 패치...가... 참 기묘하게... 되었네요 ㅋㅋㅋㅋㅋㅋ 다시생각해도 알수업다.. ㅋㅋㅋㅋㅋㅋ 본캐는 인간이엇습니다 순리에 따라 저승으로 갔지만 남은 엘남이 이쁘고멋지니 그걸로 되었다구 생각합니다 (?)
ssj_0al_,난 인간수업 1화 보고 아 이건 내 취향이 아니다~ 싶엇다가 인기가 너무 많길래 참고 봣더니 재밋엇어
6mandoospring,나두 마지막호ㅏ 빼고 다 봄 인간수업...
kimfiz_,나도 인간수업 마지막화빼고 다 봣는데
Mintchococherry,인간수업도 봤구나
fuckkkkup__,@plzBwe4m2 진자 인간은 문명을 따라갈수업서
k_sujak,@dona908 인간수업 보세요 잼씀
noolooongzi,넷플에서 인간수업 엄청 상위권에 있길래 봣는데 결말이 진짜 너무 찝찝쓰 ㅠㅠ
kdk_tdiz_cpp,"미도리야 : 생물 수업 때 ""토끼는 성욕이 강하다""라는 이야기가 나왔다. 그 뒤로 내가 코스튬을 입고 있을 때의 캇쨩과 토도로키 군의 시선이 너무 따갑다. 내 코스튬은 토끼가 아니라 올마이트가 모티브야! 그리고 난 인간이고!"
_snsd_news,"[한스경제] '인간수업' 백주희, '허쉬' 출연확정…황정민-윤아와 호흡 https://t.co/7HkIatFegf

#소녀시대 #SNSD #SNSDNEWS"
25DCRAZYGIRL,그것이 알고싶다 그런곳에서도 인간수업 방영하고 막 청소년포주 해서 인터뷰하고 그랬는데 이런 문제 관심많으면 한 번정도는 볼만함 현실이 잘 담겨있다고 함
yeoreum_____,수업 재밌었다🥺 열심히 해서 잘하게 되면 너무 좋을 것 같아. 화이팅🔥 노력해라 인간....
lisamanobae,"#BLACKPINK ➵ Netflix KR: Light Up The Sky 

꺄아 블랙핑크와 통했다😍 &lt;인간수업&gt;, &lt;에놀라 홈즈&gt;, &lt;기묘한 이야기&gt; 등 블핑 멤버들이 뽑은 넷플릭스 최애작부터 촬영 비하인드까지 살짝 공개할게요🥳

#블랙핑크 
#BLACKPINKLightUpTheSky
https://t.co/KOT2gulxkw"
294,294
295,295
296,296
297,297
298,298
299,299
300,300
301,301
302,302
303,303
304,304
305,305
306,306
307,307
308,308
309,309
310,310
311,311
312,312
313,313
314,314
315,315
316,316
317,317
318,318
319,319
320,320
321,321
322,322
323,323
324,324
325,325
326,326
327,327
328,328
329,329
330,330
331,331
332,332
333,333
334,334
335,335
336,336
337,337
338,338
339,339
340,340
341,341
342,342
343,343
344,344
345,345
346,346
347,347
348,348
349,349
350,350
351,351
352,352
353,353
354,354
355,355
356,356
357,357
358,358
359,359
360,360
361,361
362,362
363,363
364,364
365,365
366,366
367,367
368,368
369,369
370,370
371,371
372,372
373,373
374,374
375,375
376,376
377,377
378,378
379,379
380,380
381,381
382,382
383,383
384,384
385,385
386,386
387,387
388,388
389,389
390,390
391,391
392,392
393,393
394,394
395,395
396,396
397,397
398,398
399,399
400,400
401,401
402,402
403,403
404,404
405,405
406,406
407,407
408,408
409,409
410,410
411,411
412,412
413,413
414,414
415,415
416,416
417,417
418,418
419,419
420,420
421,421
422,422
423,423
424,424
425,425
426,426
427,427
428,428
429,429
430,430
431,431
432,432
433,433
434,434
435,435
436,436
437,437
438,438
439,439
440,440
441,441
442,442
443,443
444,444
445,445
446,446
447,447
448,448
449,449
450,450
451,451
452,452
453,453
454,454
455,455
456,456
457,457
458,458
459,459
460,460
461,461
462,462
463,463
464,464
465,465
466,466
467,467
468,468
469,469
470,470
471,471
472,472
473,473
474,474
475,475
476,476
477,477
478,478
479,479
480,480
481,481
482,482
483,483
484,484
485,485
486,486
487,487
488,488
489,489
490,490
491,491
492,492
493,493
494,494
495,495
496,496
497,497
498,498
499,499
500,500
501,501
502,502
503,503
504,504
505,505
506,506
507,507
508,508
509,509
510,510
511,511
512,512
513,513
514,514
515,515
516,516
517,517
518,518
519,519
520,520
521,521
522,522
523,523
524,524
525,525
526,526
527,527
528,528
529,529
530,530
531,531
532,532
533,533
534,534
535,535
536,536
537,537
538,538
539,539
540,540
541,541
542,542
543,543
544,544
545,545
546,546
547,547
548,548
549,549
550,550
551,551
552,552
553,553
554,554
555,555
556,556
557,557
558,558
559,559
560,560
561,561
562,562
563,563
564,564
565,565
566,566
567,567
568,568
569,569
570,570
571,571
572,572
573,573
574,574
575,575
576,576
577,577
578,578
579,579
580,580
581,581
582,582
583,583
584,584
585,585
586,586
587,587
588,588
589,589
590,590
591,591
592,592
593,593
594,594
595,595
596,596
597,597
598,598
599,599
600,600
601,601
602,602
603,603
604,604
605,605
606,606
607,607
608,608
609,609
610,610
611,611
612,612
613,613
614,614
615,615
616,616
617,617
618,618
619,619
620,620
621,621
622,622
623,623
624,624
625,625
626,626
627,627
628,628
629,629
630,630
631,631
632,632
633,633
634,634
635,635
636,636
637,637
638,638
639,639
640,640
641,641
642,642
643,643
644,644
645,645
646,646
647,647
648,648
649,649
650,650
651,651
652,652
653,653
654,654
655,655
656,656
657,657
658,658
659,659
660,660
661,661
662,662
663,663
664,664
665,665
666,666
667,667
668,668
669,669
670,670
671,671
672,672
673,673
674,674
675,675
676,676
677,677
678,678
679,679
680,680
681,681
682,682
683,683
684,684
685,685
686,686
687,687
688,688
689,689
690,690
691,691
692,692
693,693
694,694
695,695
696,696
697,697
698,698
699,699
700,700
701,701
702,702
703,703
704,704
705,705
706,706
707,707
708,708
709,709
710,710
711,711
712,712
713,713
714,714
715,715
716,716
717,717
718,718
719,719
720,720
721,721
722,722
723,723
724,724
725,725
726,726
727,727
728,728
729,729
730,730
731,731
732,732
733,733
734,734
735,735
736,736
737,737
738,738
739,739
740,740
741,741
742,742
743,743
744,744
745,745
746,746
747,747
748,748
749,749
750,750
751,751
752,752
753,753
754,754
755,755
756,756
757,757
758,758
759,759
760,760
761,761
762,762
763,763
764,764
765,765
766,766
767,767
768,768
769,769
770,770
771,771
772,772
773,773
774,774
775,775
776,776
777,777
778,778
779,779
780,780
781,781
782,782
783,783
784,784
785,785
786,786
787,787
788,788
789,789
790,790
791,791
792,792
793,793
794,794
795,795
796,796
797,797
798,798
799,799
800,800
801,801
802,802
803,803
804,804
805,805
806,806
807,807
808,808
809,809
810,810
811,811
812,812
813,813
814,814
815,815
816,816
817,817
818,818
819,819
820,820
821,821
822,822
823,823
824,824
825,825
826,826
827,827
828,828
829,829
830,830
831,831
832,832
833,833
834,834
835,835
836,836
837,837
838,838
839,839
840,840
841,841
842,842
843,843
844,844
845,845
846,846
847,847
848,848
849,849
850,850
851,851
852,852
853,853
854,854
855,855
856,856
857,857
858,858
859,859
860,860
861,861
862,862
863,863
864,864
865,865
866,866
867,867
868,868
869,869
870,870
871,871
872,872
873,873
874,874
875,875
876,876
877,877
878,878
879,879
880,880
881,881
882,882
883,883
884,884
885,885
886,886
887,887
888,888
889,889
890,890
891,891
892,892
893,893
894,894
895,895
896,896
897,897
898,898
899,899
900,900
901,901
902,902
903,903
904,904
905,905
906,906
907,907
908,908
909,909
910,910
911,911
912,912
913,913
914,914
915,915
916,916
917,917
918,918
919,919
920,920
921,921
922,922
923,923
924,924
925,925
926,926
927,927
928,928
929,929
930,930
931,931
932,932
933,933
934,934
935,935
936,936
937,937
938,938
939,939
940,940
941,941
942,942
943,943
944,944
945,945
946,946
947,947
948,948
949,949
950,950
951,951
952,952
953,953
954,954
955,955
956,956
957,957
958,958
959,959
960,960
961,961
962,962
963,963
964,964
965,965
966,966
967,967
968,968
969,969
970,970
971,971
972,972
973,973
974,974
975,975
976,976
977,977
978,978
979,979
980,980
981,981
982,982
983,983
984,984
985,985
986,986
987,987
988,988
989,989
990,990
991,991
992,992
993,993
994,994
995,995
996,996
997,997
998,998
999,999
1000,1000
1001,1001
1002,1002
1003,1003
1004,1004
1005,1005
1006,1006
1007,1007
1008,1008
1009,1009
1010,1010
1011,1011
1012,1012
1013,1013
1014,1014
1015,1015
1016,1016
1017,1017
1018,1018
1019,1019
1020,1020
1021,1021
1022,1022
1023,1023
1024,1024
1025,1025
1026,1026
1027,1027
1028,1028
1029,1029
1030,1030
1031,1031
1032,1032
1033,1033
1034,1034
1035,1035
1036,1036
1037,1037
1038,1038
1039,1039
1040,1040
1041,1041
1042,1042
1043,1043
1044,1044
1045,1045
1046,1046
1047,1047
1048,1048
1049,1049
1050,1050
1051,1051
1052,1052
1053,1053
1054,1054
1055,1055
1056,1056
1057,1057
1058,1058
1059,1059
1060,1060
1061,1061
1062,1062
1063,1063
1064,1064
1065,1065
1066,1066
1067,1067
1068,1068
1069,1069
1070,1070
1071,1071
1072,1072
1073,1073
1074,1074
1075,1075
1076,1076
1077,1077
1078,1078
1079,1079
1080,1080
1081,1081
1082,1082
1083,1083
1084,1084
1085,1085
1086,1086
1087,1087
1088,1088
1089,1089
1090,1090
1091,1091
1092,1092
1093,1093
1094,1094
1095,1095
1096,1096
1097,1097
1098,1098
1099,1099
1100,1100
1101,1101
1102,1102
1103,1103
1104,1104
1105,1105
1106,1106
1107,1107
1108,1108
1109,1109
1110,1110
1111,1111
1112,1112
1113,1113
1114,1114
1115,1115
1116,1116
1117,1117
1118,1118
1119,1119
1120,1120
1121,1121
1122,1122
1123,1123
1124,1124
1125,1125
1126,1126
1127,1127
1128,1128
1129,1129
1130,1130
1131,1131
1132,1132
1133,1133
1134,1134
1135,1135
1136,1136
1137,1137
1138,1138
1139,1139
1140,1140
1141,1141
1142,1142
1143,1143
1144,1144
1145,1145
1146,1146
1147,1147
1148,1148
1149,1149
1150,1150
1151,1151
1152,1152
1153,1153
1154,1154
1155,1155
1156,1156
1157,1157
1158,1158
1159,1159
1160,1160
1161,1161
1162,1162
1163,1163
1164,1164
1165,1165
1166,1166
1167,1167
1168,1168
1169,1169
1170,1170
1171,1171
1172,1172
1173,1173
1174,1174
1175,1175
1176,1176
1177,1177
1178,1178
1179,1179
1180,1180
1181,1181
1182,1182
1183,1183
1184,1184
1185,1185
1186,1186
1187,1187
1188,1188
1189,1189
1190,1190
1191,1191
1192,1192
1193,1193
1194,1194
1195,1195
1196,1196
1197,1197
1198,1198
1199,1199
1200,1200
1201,1201
1202,1202
1203,1203
1204,1204
1205,1205
1206,1206
1207,1207
1208,1208
1209,1209
1210,1210
1211,1211
1212,1212
1213,1213
1214,1214
1215,1215
1216,1216
1217,1217
1218,1218
1219,1219
1220,1220
1221,1221
1222,1222
1223,1223
1224,1224
1225,1225
1226,1226
1227,1227
1228,1228
1229,1229
1230,1230
1231,1231
1232,1232
1233,1233
1234,1234
1235,1235
1236,1236
1237,1237
1238,1238
1239,1239
1240,1240
1241,1241
1242,1242
1243,1243
1244,1244
1245,1245
1246,1246
1247,1247
1248,1248
1249,1249
1250,1250
1251,1251
1252,1252
1253,1253
1254,1254
1255,1255
1256,1256
1257,1257
1258,1258
1259,1259
1260,1260
1261,1261
1262,1262
1263,1263
1264,1264
1265,1265
1266,1266
1267,1267
1268,1268
1269,1269
1270,1270
1271,1271
1272,1272
1273,1273
1274,1274
1275,1275
1276,1276
1277,1277
1278,1278
1279,1279
1280,1280
1281,1281
1282,1282
1283,1283
1284,1284
1285,1285
1286,1286
1287,1287
1288,1288
1289,1289
1290,1290
1291,1291
1292,1292
1293,1293
1294,1294
1295,1295
1296,1296
1297,1297
1298,1298
1299,1299
1300,1300
1301,1301
1302,1302
1303,1303
1304,1304
1305,1305
1306,1306
1307,1307
1308,1308
1309,1309
1310,1310
1311,1311
1312,1312
1313,1313
1314,1314
1315,1315
1316,1316
1317,1317
1318,1318
1319,1319
1320,1320
1321,1321
1322,1322
1323,1323
1324,1324
1325,1325
1326,1326
1327,1327
1328,1328
1329,1329
1330,1330
1331,1331
1332,1332
1333,1333
1334,1334
1335,1335
1336,1336
1337,1337
1338,1338
1339,1339
1340,1340
1341,1341
1342,1342
1343,1343
1344,1344
1345,1345
1346,1346
1347,1347
1348,1348
1349,1349
1350,1350
1351,1351
1352,1352
1353,1353
1354,1354
1355,1355
1356,1356
1357,1357
1358,1358
1359,1359
1360,1360
1361,1361
1362,1362
1363,1363
1364,1364
1365,1365
1366,1366
1367,1367
1368,1368
1369,1369
1370,1370
1371,1371
1372,1372
1373,1373
1374,1374
1375,1375
1376,1376
1377,1377
1378,1378
1379,1379
1380,1380
1381,1381
1382,1382
1383,1383
1384,1384
1385,1385
1386,1386
1387,1387
1388,1388
1389,1389
1390,1390
1391,1391
1392,1392
1393,1393
1394,1394
1395,1395
1396,1396
1397,1397
1398,1398
1399,1399
1400,1400
1401,1401
1402,1402
1403,1403
1404,1404
1405,1405
1406,1406
1407,1407
1408,1408
1409,1409
1410,1410
1411,1411
1412,1412
1413,1413
1414,1414
1415,1415
1416,1416
1417,1417
1418,1418
1419,1419
1420,1420
1421,1421
1422,1422
1423,1423
1424,1424
1425,1425
1426,1426
1427,1427
1428,1428
1429,1429
1430,1430
1431,1431
1432,1432
1433,1433
1434,1434
1435,1435
1436,1436
1437,1437
1438,1438
1439,1439
1440,1440
1441,1441
1442,1442
1443,1443
1444,1444
1445,1445
1446,1446
1447,1447
1448,1448
1449,1449
1450,1450
1451,1451
1452,1452
1453,1453
1454,1454
1455,1455
1456,1456
1457,1457
1458,1458
1459,1459
1460,1460
1461,1461
1462,1462
1463,1463
1464,1464
1465,1465
1466,1466
1467,1467
1468,1468
1469,1469
1470,1470
1471,1471
1472,1472
1473,1473
1474,1474
1475,1475
1476,1476
1477,1477
1478,1478
1479,1479
1480,1480
1481,1481
1482,1482
1483,1483
1484,1484
1485,1485
1486,1486
1487,1487
1488,1488
1489,1489
1490,1490
1491,1491
1492,1492
1493,1493
1494,1494
1495,1495
1496,1496
1497,1497
1498,1498
1499,1499
1500,1500
1501,1501
1502,1502
1503,1503
1504,1504
1505,1505
1506,1506
1507,1507
1508,1508
1509,1509
1510,1510
1511,1511
1512,1512
1513,1513
1514,1514
1515,1515
1516,1516
1517,1517
1518,1518
1519,1519
1520,1520
1521,1521
1522,1522
1523,1523
1524,1524
1525,1525
1526,1526
1527,1527
1528,1528
1529,1529
1530,1530
1531,1531
1532,1532
1533,1533
1534,1534
1535,1535
1536,1536
1537,1537
1538,1538
1539,1539
1540,1540
1541,1541
1542,1542
1543,1543
1544,1544
1545,1545
1546,1546
1547,1547
1548,1548
1549,1549
1550,1550
1551,1551
1552,1552
1553,1553
1554,1554
1555,1555
1556,1556
1557,1557
1558,1558
1559,1559
1560,1560
1561,1561
1562,1562
1563,1563
1564,1564
1565,1565
1566,1566
1567,1567
1568,1568
1569,1569
1570,1570
1571,1571
1572,1572
1573,1573
1574,1574
1575,1575
1576,1576
1577,1577
1578,1578
1579,1579
1580,1580
1581,1581
1582,1582
1583,1583
1584,1584
1585,1585
1586,1586
1587,1587
1588,1588
1589,1589
1590,1590
1591,1591
1592,1592
1593,1593
1594,1594
1595,1595
1596,1596
1597,1597
1598,1598
1599,1599
1600,1600
1601,1601
1602,1602
1603,1603
1604,1604
1605,1605
1606,1606
1607,1607
1608,1608
1609,1609
1610,1610
1611,1611
1612,1612
1613,1613
1614,1614
1615,1615
1616,1616
1617,1617
1618,1618
1619,1619
1620,1620
1621,1621
1622,1622
1623,1623
1624,1624
1625,1625
1626,1626
1627,1627
1628,1628
1629,1629
1630,1630
1631,1631
1632,1632
1633,1633
1634,1634
1635,1635
1636,1636
1637,1637
1638,1638
1639,1639
1640,1640
1641,1641
1642,1642
1643,1643
1644,1644
1645,1645
1646,1646
1647,1647
1648,1648
1649,1649
1650,1650
1651,1651
1652,1652
1653,1653
1654,1654
1655,1655
1656,1656
1657,1657
1658,1658
1659,1659
1660,1660
1661,1661
1662,1662
1663,1663
1664,1664
1665,1665
1666,1666
1667,1667
1668,1668
1669,1669
1670,1670
1671,1671
1672,1672
1673,1673
1674,1674
1675,1675
1676,1676
1677,1677
1678,1678
1679,1679
1680,1680
1681,1681
1682,1682
1683,1683
1684,1684
1685,1685
1686,1686
1687,1687
1688,1688
1689,1689
1690,1690
1691,1691
1692,1692
1693,1693
1694,1694
1695,1695
1696,1696
1697,1697
1698,1698
1699,1699
1700,1700
1701,1701
1702,1702
1703,1703
1704,1704
1705,1705
1706,1706
1707,1707
1708,1708
1709,1709
1710,1710
1711,1711
1712,1712
1713,1713
1714,1714
1715,1715
1716,1716
1717,1717
1718,1718
1719,1719
1720,1720
1721,1721
1722,1722
1723,1723
1724,1724
1725,1725
1726,1726
1727,1727
1728,1728
1729,1729
1730,1730
1731,1731
1732,1732
1733,1733
1734,1734
1735,1735
1736,1736
1737,1737
1738,1738
1739,1739
1740,1740
1741,1741
1742,1742
1743,1743
1744,1744
1745,1745
1746,1746
1747,1747
1748,1748
1749,1749
1750,1750
1751,1751
1752,1752
1753,1753
1754,1754
1755,1755
1756,1756
1757,1757
1758,1758
1759,1759
1760,1760
1761,1761
1762,1762
1763,1763
1764,1764
1765,1765
1766,1766
1767,1767
1768,1768
1769,1769
1770,1770
1771,1771
1772,1772
1773,1773
1774,1774
1775,1775
1776,1776
1777,1777
1778,1778
1779,1779
1780,1780
1781,1781
1782,1782
1783,1783
1784,1784
1785,1785
1786,1786
1787,1787
1788,1788
1789,1789
1790,1790
1791,1791
1792,1792
1793,1793
1794,1794
1795,1795
1796,1796
1797,1797
1798,1798
1799,1799
1800,1800
1801,1801
1802,1802
1803,1803
1804,1804
1805,1805
1806,1806
1807,1807
1808,1808
1809,1809
1810,1810
1811,1811
1812,1812
1813,1813
1814,1814
1815,1815
1816,1816
1817,1817
1818,1818
1819,1819
1820,1820
1821,1821
1822,1822
1823,1823
1824,1824
1825,1825
1826,1826
1827,1827
1828,1828
1829,1829
1830,1830
1831,1831
1832,1832
1833,1833
1834,1834
1835,1835
1836,1836
1837,1837
1838,1838
1839,1839
1840,1840
1841,1841
1842,1842
1843,1843
1844,1844
1845,1845
1846,1846
1847,1847
1848,1848
1849,1849
1850,1850
1851,1851
1852,1852
1853,1853
1854,1854
1855,1855
1856,1856
1857,1857
1858,1858
1859,1859
1860,1860
1861,1861
1862,1862
1863,1863
1864,1864
1865,1865
1866,1866
1867,1867
1868,1868
1869,1869
1870,1870
1871,1871
1872,1872
1873,1873
1874,1874
1875,1875
1876,1876
1877,1877
1878,1878
1879,1879
1880,1880
1881,1881
1882,1882
1883,1883
1884,1884
1885,1885
1886,1886
1887,1887
1888,1888
1889,1889
1890,1890
1891,1891
1892,1892
1893,1893
1894,1894
1895,1895
1896,1896
1897,1897
1898,1898
1899,1899
1900,1900
1901,1901
1902,1902
1903,1903
1904,1904
1905,1905
1906,1906
1907,1907
1908,1908
1909,1909
1910,1910
1911,1911
1912,1912
1913,1913
1914,1914
1915,1915
1916,1916
1917,1917
1918,1918
1919,1919
1920,1920
1921,1921
1922,1922
1923,1923
1924,1924
1925,1925
1926,1926
1927,1927
1928,1928
1929,1929
1930,1930
1931,1931
1932,1932
1933,1933
1934,1934
1935,1935
1936,1936
1937,1937
1938,1938
1939,1939
1940,1940
1941,1941
1942,1942
1943,1943
1944,1944
1945,1945
1946,1946
1947,1947
1948,1948
1949,1949
1950,1950
1951,1951
1952,1952
1953,1953
1954,1954
1955,1955
1956,1956
1957,1957
1958,1958
1959,1959
1960,1960
1961,1961
1962,1962
1963,1963
1964,1964
1965,1965
1966,1966
1967,1967
1968,1968
1969,1969
1970,1970
1971,1971
1972,1972
1973,1973
1974,1974
1975,1975
1976,1976
1977,1977
1978,1978
1979,1979
1980,1980
1981,1981
1982,1982
1983,1983
1984,1984
1985,1985
1986,1986
1987,1987
1988,1988
1989,1989
1990,1990
1991,1991
1992,1992
1993,1993
1994,1994
1995,1995
1996,1996
1997,1997
1998,1998
1999,1999
2000,2000
2001,2001
2002,2002
2003,2003
2004,2004
2005,2005
2006,2006
2007,2007
2008,2008
2009,2009
2010,2010
2011,2011
2012,2012
2013,2013
2014,2014
2015,2015
2016,2016
2017,2017
2018,2018
2019,2019
2020,2020
2021,2021
2022,2022
2023,2023
2024,2024
2025,2025
2026,2026
2027,2027
2028,2028
2029,2029
2030,2030
2031,2031
2032,2032
2033,2033
2034,2034
2035,2035
2036,2036
2037,2037
2038,2038
2039,2039
2040,2040
2041,2041
2042,2042
2043,2043
2044,2044
2045,2045
2046,2046
2047,2047
2048,2048
2049,2049
2050,2050
2051,2051
2052,2052
2053,2053
2054,2054
2055,2055
2056,2056
2057,2057
2058,2058
2059,2059
2060,2060
2061,2061
2062,2062
2063,2063
2064,2064
2065,2065
2066,2066
2067,2067
2068,2068
2069,2069
2070,2070
2071,2071
2072,2072
2073,2073
2074,2074
2075,2075
2076,2076
2077,2077
2078,2078
2079,2079
2080,2080
2081,2081
2082,2082
2083,2083
2084,2084
2085,2085
2086,2086
2087,2087
2088,2088
2089,2089
2090,2090
2091,2091
2092,2092
2093,2093
2094,2094
2095,2095
2096,2096
2097,2097
2098,2098
2099,2099
2100,2100
2101,2101
2102,2102
2103,2103
2104,2104
2105,2105
2106,2106
2107,2107
2108,2108
2109,2109
2110,2110
2111,2111
2112,2112
2113,2113
2114,2114
2115,2115
2116,2116
2117,2117
2118,2118
2119,2119
2120,2120
2121,2121
2122,2122
2123,2123
2124,2124
2125,2125
2126,2126
2127,2127
2128,2128
2129,2129
2130,2130
2131,2131
2132,2132
2133,2133
2134,2134
2135,2135
2136,2136
2137,2137
2138,2138
2139,2139
2140,2140
2141,2141
2142,2142
2143,2143
2144,2144
2145,2145
2146,2146
2147,2147
2148,2148
2149,2149
2150,2150
2151,2151
2152,2152
2153,2153
2154,2154
2155,2155
2156,2156
2157,2157
2158,2158
2159,2159
2160,2160
2161,2161
2162,2162
2163,2163
2164,2164
2165,2165
2166,2166
2167,2167
2168,2168
2169,2169
2170,2170
2171,2171
2172,2172
2173,2173
2174,2174
2175,2175
2176,2176
2177,2177
2178,2178
2179,2179
2180,2180
2181,2181
2182,2182
2183,2183
2184,2184
2185,2185
2186,2186
2187,2187
2188,2188
2189,2189
2190,2190
2191,2191
2192,2192
2193,2193
2194,2194
2195,2195
2196,2196
2197,2197
2198,2198
2199,2199
2200,2200
2201,2201
2202,2202
2203,2203
2204,2204
2205,2205
2206,2206
2207,2207
2208,2208
2209,2209
2210,2210
2211,2211
2212,2212
2213,2213
2214,2214
2215,2215
2216,2216
2217,2217
2218,2218
2219,2219
2220,2220
2221,2221
2222,2222
2223,2223
2224,2224
2225,2225
2226,2226
2227,2227
2228,2228
2229,2229
2230,2230
2231,2231
2232,2232
2233,2233
2234,2234
2235,2235
2236,2236
2237,2237
2238,2238
2239,2239
2240,2240
2241,2241
2242,2242
2243,2243
2244,2244
2245,2245
2246,2246
2247,2247
2248,2248
2249,2249
2250,2250
2251,2251
2252,2252
2253,2253
2254,2254
2255,2255
2256,2256
2257,2257
2258,2258
2259,2259
2260,2260
2261,2261
2262,2262
2263,2263
2264,2264
2265,2265
2266,2266
2267,2267
2268,2268
2269,2269
2270,2270
2271,2271
2272,2272
2273,2273
2274,2274
2275,2275
2276,2276
2277,2277
2278,2278
2279,2279
2280,2280
2281,2281
2282,2282
2283,2283
2284,2284
2285,2285
2286,2286
2287,2287
2288,2288
2289,2289
2290,2290
2291,2291
2292,2292
2293,2293
2294,2294
2295,2295
2296,2296
2297,2297
2298,2298
2299,2299
2300,2300
2301,2301
2302,2302
2303,2303
2304,2304
2305,2305
2306,2306
2307,2307
2308,2308
2309,2309
2310,2310
2311,2311
2312,2312
2313,2313
2314,2314
2315,2315
2316,2316
2317,2317
2318,2318
2319,2319
2320,2320
2321,2321
2322,2322
2323,2323
2324,2324
2325,2325
2326,2326
2327,2327
2328,2328
2329,2329
2330,2330
2331,2331
2332,2332
2333,2333
2334,2334
2335,2335
2336,2336
2337,2337
2338,2338
2339,2339
2340,2340
2341,2341
2342,2342
2343,2343
2344,2344
2345,2345
2346,2346
2347,2347
2348,2348
2349,2349
2350,2350
2351,2351
2352,2352
2353,2353
2354,2354
2355,2355
2356,2356
2357,2357
2358,2358
2359,2359
2360,2360
2361,2361
2362,2362
2363,2363
2364,2364
2365,2365
2366,2366
2367,2367
2368,2368
2369,2369
2370,2370
2371,2371
2372,2372
2373,2373
2374,2374
2375,2375
2376,2376
2377,2377
2378,2378
2379,2379
2380,2380
2381,2381
2382,2382
2383,2383
2384,2384
2385,2385
2386,2386
2387,2387
2388,2388
2389,2389
2390,2390
2391,2391
2392,2392
2393,2393
2394,2394
2395,2395
2396,2396
2397,2397
2398,2398
2399,2399
2400,2400
2401,2401
2402,2402
2403,2403
2404,2404
2405,2405
2406,2406
2407,2407
2408,2408
2409,2409
2410,2410
2411,2411
2412,2412
2413,2413
2414,2414
2415,2415
2416,2416
2417,2417
2418,2418
2419,2419
2420,2420
2421,2421
2422,2422
2423,2423
2424,2424
2425,2425
2426,2426
2427,2427
2428,2428
2429,2429
2430,2430
2431,2431
2432,2432
2433,2433
2434,2434
2435,2435
2436,2436
2437,2437
2438,2438
2439,2439
2440,2440
2441,2441
2442,2442
2443,2443
2444,2444
2445,2445
2446,2446
2447,2447
2448,2448
2449,2449
2450,2450
2451,2451
2452,2452
2453,2453
2454,2454
2455,2455
2456,2456
2457,2457
2458,2458
2459,2459
2460,2460
2461,2461
2462,2462
2463,2463
2464,2464
2465,2465
2466,2466
2467,2467
2468,2468
2469,2469
2470,2470
2471,2471
2472,2472
2473,2473
2474,2474
2475,2475
2476,2476
2477,2477
2478,2478
2479,2479
2480,2480
2481,2481
2482,2482
2483,2483
2484,2484
2485,2485
2486,2486
2487,2487
2488,2488
2489,2489
2490,2490
2491,2491
2492,2492
2493,2493
2494,2494
2495,2495
2496,2496
2497,2497
2498,2498
2499,2499
2500,2500
2501,2501
2502,2502
2503,2503
2504,2504
2505,2505
2506,2506
2507,2507
2508,2508
2509,2509
2510,2510
2511,2511
2512,2512
2513,2513
2514,2514
2515,2515
2516,2516
2517,2517
2518,2518
2519,2519
2520,2520
2521,2521
2522,2522
2523,2523
2524,2524
2525,2525
2526,2526
2527,2527
2528,2528
2529,2529
2530,2530
2531,2531
2532,2532
2533,2533
2534,2534
2535,2535
2536,2536
2537,2537
2538,2538
2539,2539
2540,2540
2541,2541
2542,2542
2543,2543
2544,2544
2545,2545
2546,2546
2547,2547
2548,2548
2549,2549
2550,2550
2551,2551
2552,2552
2553,2553
2554,2554
2555,2555
2556,2556
2557,2557
2558,2558
2559,2559
2560,2560
2561,2561
2562,2562
2563,2563
2564,2564
2565,2565
2566,2566
2567,2567
2568,2568
2569,2569
2570,2570
2571,2571
2572,2572
2573,2573
2574,2574
2575,2575
2576,2576
2577,2577
2578,2578
2579,2579
2580,2580
2581,2581
2582,2582
2583,2583
2584,2584
2585,2585
2586,2586
2587,2587
2588,2588
2589,2589
2590,2590
2591,2591
2592,2592
2593,2593
2594,2594
2595,2595
2596,2596
2597,2597
2598,2598
2599,2599
2600,2600
2601,2601
2602,2602
2603,2603
2604,2604
2605,2605
2606,2606
2607,2607
2608,2608
2609,2609
2610,2610
2611,2611
2612,2612
2613,2613
2614,2614
2615,2615
2616,2616
2617,2617
2618,2618
2619,2619
2620,2620
2621,2621
2622,2622
2623,2623
2624,2624
2625,2625
2626,2626
2627,2627
2628,2628
2629,2629
2630,2630
2631,2631
2632,2632
2633,2633
2634,2634
2635,2635
2636,2636
2637,2637
2638,2638
2639,2639
2640,2640
2641,2641
2642,2642
2643,2643
2644,2644
2645,2645
2646,2646
2647,2647
2648,2648
2649,2649
2650,2650
2651,2651
2652,2652
2653,2653
2654,2654
2655,2655
2656,2656
2657,2657
2658,2658
2659,2659
2660,2660
2661,2661
2662,2662
2663,2663
2664,2664
2665,2665
2666,2666
2667,2667
2668,2668
2669,2669
2670,2670
2671,2671
2672,2672
2673,2673
2674,2674
2675,2675
2676,2676
2677,2677
2678,2678
2679,2679
2680,2680
2681,2681
2682,2682
2683,2683
2684,2684
2685,2685
2686,2686
2687,2687
2688,2688
2689,2689
2690,2690
2691,2691
2692,2692
2693,2693
2694,2694
2695,2695
2696,2696
2697,2697
2698,2698
2699,2699
2700,2700
2701,2701
2702,2702
2703,2703
2704,2704
2705,2705
2706,2706
2707,2707
2708,2708
2709,2709
2710,2710
2711,2711
2712,2712
2713,2713
2714,2714
2715,2715
2716,2716
2717,2717
2718,2718
2719,2719
2720,2720
2721,2721
2722,2722
2723,2723
2724,2724
2725,2725
2726,2726
2727,2727
2728,2728
2729,2729
2730,2730
2731,2731
2732,2732
2733,2733
2734,2734
2735,2735
2736,2736
2737,2737
2738,2738
2739,2739
2740,2740
2741,2741
2742,2742
2743,2743
2744,2744
2745,2745
2746,2746
2747,2747
2748,2748
2749,2749
2750,2750
2751,2751
2752,2752
2753,2753
2754,2754
2755,2755
2756,2756
2757,2757
2758,2758
2759,2759
2760,2760
2761,2761
2762,2762
2763,2763
2764,2764
2765,2765
2766,2766
2767,2767
2768,2768
2769,2769
2770,2770
2771,2771
2772,2772
2773,2773
2774,2774
2775,2775
2776,2776
2777,2777
2778,2778
2779,2779
2780,2780
2781,2781
2782,2782
2783,2783
2784,2784
2785,2785
2786,2786
2787,2787
2788,2788
2789,2789
2790,2790
2791,2791
2792,2792
2793,2793
2794,2794
2795,2795
2796,2796
2797,2797
2798,2798
2799,2799
2800,2800
2801,2801
2802,2802
2803,2803
2804,2804
2805,2805
2806,2806
2807,2807
2808,2808
2809,2809
2810,2810
2811,2811
2812,2812
2813,2813
2814,2814
2815,2815
2816,2816
2817,2817
2818,2818
2819,2819
2820,2820
2821,2821
2822,2822
2823,2823
2824,2824
2825,2825
2826,2826
2827,2827
2828,2828
2829,2829
2830,2830
2831,2831
2832,2832
2833,2833
2834,2834
2835,2835
2836,2836
2837,2837
2838,2838
2839,2839
2840,2840
2841,2841
2842,2842
2843,2843
2844,2844
2845,2845
2846,2846
2847,2847
2848,2848
2849,2849
2850,2850
2851,2851
2852,2852
2853,2853
2854,2854
2855,2855
2856,2856
2857,2857
2858,2858
2859,2859
2860,2860
2861,2861
2862,2862
2863,2863
2864,2864
2865,2865
2866,2866
2867,2867
2868,2868
2869,2869
2870,2870
2871,2871
2872,2872
2873,2873
2874,2874
2875,2875
2876,2876
2877,2877
2878,2878
2879,2879
2880,2880
2881,2881
2882,2882
2883,2883
2884,2884
2885,2885
2886,2886
2887,2887
2888,2888
2889,2889
2890,2890
2891,2891
2892,2892
2893,2893
2894,2894
2895,2895
2896,2896
2897,2897
2898,2898
2899,2899
2900,2900
2901,2901
2902,2902
2903,2903
2904,2904
2905,2905
2906,2906
2907,2907
2908,2908
2909,2909
2910,2910
2911,2911
2912,2912
2913,2913
2914,2914
2915,2915
2916,2916
2917,2917
2918,2918
2919,2919
2920,2920
2921,2921
2922,2922
2923,2923
2924,2924
2925,2925
2926,2926
2927,2927
2928,2928
2929,2929
2930,2930
2931,2931
2932,2932
2933,2933
2934,2934
2935,2935
2936,2936
2937,2937
2938,2938
2939,2939
2940,2940
2941,2941
2942,2942
2943,2943
2944,2944
2945,2945
2946,2946
2947,2947
2948,2948
2949,2949
2950,2950
2951,2951
2952,2952
2953,2953
2954,2954
2955,2955
2956,2956
2957,2957
2958,2958
2959,2959
2960,2960
2961,2961
2962,2962
2963,2963
2964,2964
2965,2965
2966,2966
2967,2967
2968,2968
2969,2969
2970,2970
2971,2971
2972,2972
2973,2973
2974,2974
2975,2975
2976,2976
2977,2977
2978,2978
2979,2979
2980,2980
2981,2981
2982,2982
2983,2983
2984,2984
2985,2985
2986,2986
2987,2987
2988,2988
2989,2989
2990,2990
2991,2991
2992,2992
2993,2993
2994,2994
2995,2995
2996,2996
2997,2997
2998,2998
2999,2999
3000,3000
3001,3001
3002,3002
3003,3003
3004,3004
3005,3005
3006,3006
3007,3007
3008,3008
3009,3009
3010,3010
3011,3011
3012,3012
3013,3013
3014,3014
3015,3015
3016,3016
3017,3017
3018,3018
3019,3019
3020,3020
3021,3021
3022,3022
3023,3023
3024,3024
3025,3025
3026,3026
3027,3027
3028,3028
3029,3029
3030,3030
3031,3031
3032,3032
3033,3033
3034,3034
3035,3035
3036,3036
3037,3037
3038,3038
3039,3039
3040,3040
3041,3041
3042,3042
3043,3043
3044,3044
3045,3045
3046,3046
3047,3047
3048,3048
3049,3049
3050,3050
3051,3051
3052,3052
3053,3053
3054,3054
3055,3055
3056,3056
3057,3057
3058,3058
3059,3059
3060,3060
3061,3061
3062,3062
3063,3063
3064,3064
3065,3065
3066,3066
3067,3067
3068,3068
3069,3069
3070,3070
3071,3071
3072,3072
3073,3073
3074,3074
3075,3075
3076,3076
3077,3077
3078,3078
3079,3079
3080,3080
3081,3081
3082,3082
3083,3083
3084,3084
3085,3085
3086,3086
3087,3087
3088,3088
3089,3089
3090,3090
3091,3091
3092,3092
3093,3093
3094,3094
3095,3095
3096,3096
3097,3097
3098,3098
3099,3099
3100,3100
3101,3101
3102,3102
3103,3103
3104,3104
3105,3105
3106,3106
3107,3107
3108,3108
3109,3109
3110,3110
3111,3111
3112,3112
3113,3113
3114,3114
3115,3115
3116,3116
3117,3117
3118,3118
3119,3119
3120,3120
3121,3121
3122,3122
3123,3123
3124,3124
3125,3125
3126,3126
3127,3127
3128,3128
3129,3129
3130,3130
3131,3131
3132,3132
3133,3133
3134,3134
3135,3135
3136,3136
3137,3137
3138,3138
3139,3139
3140,3140
3141,3141
3142,3142
3143,3143
3144,3144
3145,3145
3146,3146
3147,3147
3148,3148
3149,3149
3150,3150
3151,3151
3152,3152
3153,3153
3154,3154
3155,3155
3156,3156
3157,3157
3158,3158
3159,3159
3160,3160
3161,3161
3162,3162
3163,3163
3164,3164
3165,3165
3166,3166
3167,3167
3168,3168
3169,3169
3170,3170
3171,3171
3172,3172
3173,3173
3174,3174
3175,3175
3176,3176
3177,3177
3178,3178
3179,3179
3180,3180
3181,3181
3182,3182
3183,3183
3184,3184
3185,3185
3186,3186
3187,3187
3188,3188
3189,3189
3190,3190
3191,3191
3192,3192
3193,3193
3194,3194
3195,3195
3196,3196
3197,3197
3198,3198
3199,3199
3200,3200
3201,3201
3202,3202
3203,3203
3204,3204
3205,3205
3206,3206
3207,3207
3208,3208
3209,3209
3210,3210
3211,3211
3212,3212
3213,3213
3214,3214
3215,3215
3216,3216
3217,3217
3218,3218
3219,3219
3220,3220
3221,3221
3222,3222
3223,3223
3224,3224
3225,3225
3226,3226
3227,3227
3228,3228
3229,3229
3230,3230
3231,3231
3232,3232
3233,3233
3234,3234
3235,3235
3236,3236
3237,3237
3238,3238
3239,3239
3240,3240
3241,3241
3242,3242
3243,3243
3244,3244
3245,3245
3246,3246
3247,3247
3248,3248
3249,3249
3250,3250
3251,3251
3252,3252
3253,3253
3254,3254
3255,3255
3256,3256
3257,3257
3258,3258
3259,3259
3260,3260
3261,3261
3262,3262
3263,3263
3264,3264
3265,3265
3266,3266
3267,3267
3268,3268
3269,3269
3270,3270
3271,3271
3272,3272
3273,3273
3274,3274
3275,3275
3276,3276
3277,3277
3278,3278
3279,3279
3280,3280
3281,3281
3282,3282
3283,3283
3284,3284
3285,3285
3286,3286
3287,3287
3288,3288
3289,3289
3290,3290
3291,3291
3292,3292
3293,3293
3294,3294
3295,3295
3296,3296
3297,3297
3298,3298
3299,3299
3300,3300
3301,3301
3302,3302
3303,3303
3304,3304
3305,3305
3306,3306
3307,3307
3308,3308
3309,3309
3310,3310
3311,3311
3312,3312
3313,3313
3314,3314
3315,3315
3316,3316
3317,3317
3318,3318
3319,3319
3320,3320
3321,3321
3322,3322
3323,3323
3324,3324
3325,3325
3326,3326
3327,3327
3328,3328
3329,3329
3330,3330
3331,3331
3332,3332
3333,3333
3334,3334
3335,3335
3336,3336
3337,3337
3338,3338
3339,3339
3340,3340
3341,3341
3342,3342
3343,3343
3344,3344
3345,3345
3346,3346
3347,3347
3348,3348
3349,3349
3350,3350
3351,3351
3352,3352
3353,3353
3354,3354
3355,3355
3356,3356
3357,3357
3358,3358
3359,3359
3360,3360
3361,3361
3362,3362
3363,3363
3364,3364
3365,3365
3366,3366
3367,3367
3368,3368
3369,3369
3370,3370
3371,3371
3372,3372
3373,3373
3374,3374
3375,3375
3376,3376
3377,3377
3378,3378
3379,3379
3380,3380
3381,3381
3382,3382
3383,3383
3384,3384
3385,3385
3386,3386
3387,3387
3388,3388
3389,3389
3390,3390
3391,3391
3392,3392
3393,3393
3394,3394
3395,3395
3396,3396
3397,3397
3398,3398
3399,3399
3400,3400
3401,3401
3402,3402
3403,3403
3404,3404
3405,3405
3406,3406
3407,3407
3408,3408
3409,3409
3410,3410
3411,3411
3412,3412
3413,3413
3414,3414
3415,3415
3416,3416
3417,3417
3418,3418
3419,3419
3420,3420
3421,3421
3422,3422
3423,3423
3424,3424
3425,3425
3426,3426
3427,3427
3428,3428
3429,3429
3430,3430
3431,3431
3432,3432
3433,3433
3434,3434
3435,3435
3436,3436
3437,3437
3438,3438
3439,3439
3440,3440
3441,3441
3442,3442
3443,3443
3444,3444
3445,3445
3446,3446
3447,3447
3448,3448
3449,3449
3450,3450
3451,3451
3452,3452
3453,3453
3454,3454
3455,3455
3456,3456
3457,3457
3458,3458
3459,3459
3460,3460
3461,3461
3462,3462
3463,3463
3464,3464
3465,3465
3466,3466
3467,3467
3468,3468
3469,3469
3470,3470
3471,3471
3472,3472
3473,3473
3474,3474
3475,3475
3476,3476
3477,3477
3478,3478
3479,3479
3480,3480
3481,3481
3482,3482
3483,3483
3484,3484
3485,3485
3486,3486
3487,3487
3488,3488
3489,3489
3490,3490
3491,3491
3492,3492
3493,3493
3494,3494
3495,3495
3496,3496
3497,3497
3498,3498
3499,3499
3500,3500
3501,3501
3502,3502
3503,3503
3504,3504
3505,3505
3506,3506
3507,3507
3508,3508
3509,3509
3510,3510
3511,3511
3512,3512
3513,3513
3514,3514
3515,3515
3516,3516
3517,3517
3518,3518
3519,3519
3520,3520
3521,3521
3522,3522
3523,3523
3524,3524
3525,3525
3526,3526
3527,3527
3528,3528
3529,3529
3530,3530
3531,3531
3532,3532
3533,3533
3534,3534
3535,3535
3536,3536
3537,3537
3538,3538
3539,3539
3540,3540
3541,3541
3542,3542
3543,3543
3544,3544
3545,3545
3546,3546
3547,3547
3548,3548
3549,3549
3550,3550
3551,3551
3552,3552
3553,3553
3554,3554
3555,3555
3556,3556
3557,3557
3558,3558
3559,3559
3560,3560
3561,3561
3562,3562
3563,3563
3564,3564
3565,3565
3566,3566
3567,3567
3568,3568
3569,3569
3570,3570
3571,3571
3572,3572
3573,3573
3574,3574
3575,3575
3576,3576
3577,3577
3578,3578
3579,3579
3580,3580
3581,3581
3582,3582
3583,3583
3584,3584
3585,3585
3586,3586
3587,3587
3588,3588
3589,3589
3590,3590
3591,3591
3592,3592
3593,3593
3594,3594
3595,3595
3596,3596
3597,3597
3598,3598
3599,3599
3600,3600
3601,3601
3602,3602
3603,3603
3604,3604
3605,3605
3606,3606
3607,3607
3608,3608
3609,3609
3610,3610
3611,3611
3612,3612
3613,3613
3614,3614
3615,3615
3616,3616
3617,3617
3618,3618
3619,3619
3620,3620
3621,3621
3622,3622
3623,3623
3624,3624
3625,3625
3626,3626
3627,3627
3628,3628
3629,3629
3630,3630
3631,3631
3632,3632
3633,3633
3634,3634
3635,3635
3636,3636
3637,3637
3638,3638
3639,3639
3640,3640
3641,3641
3642,3642
3643,3643
3644,3644
3645,3645
3646,3646
3647,3647
3648,3648
3649,3649
3650,3650
3651,3651
3652,3652
3653,3653
3654,3654
3655,3655
3656,3656
3657,3657
3658,3658
3659,3659
3660,3660
3661,3661
3662,3662
3663,3663
3664,3664
3665,3665
3666,3666
3667,3667
3668,3668
3669,3669
3670,3670
3671,3671
3672,3672
3673,3673
3674,3674
3675,3675
3676,3676
3677,3677
3678,3678
3679,3679
3680,3680
3681,3681
3682,3682
3683,3683
3684,3684
3685,3685
3686,3686
3687,3687
3688,3688
3689,3689
3690,3690
3691,3691
3692,3692
3693,3693
3694,3694
3695,3695
3696,3696
3697,3697
3698,3698
3699,3699
3700,3700
3701,3701
3702,3702
3703,3703
3704,3704
3705,3705
3706,3706
3707,3707
3708,3708
3709,3709
3710,3710
3711,3711
3712,3712
3713,3713
3714,3714
3715,3715
3716,3716
3717,3717
3718,3718
3719,3719
3720,3720
3721,3721
3722,3722
3723,3723
3724,3724
3725,3725
3726,3726
3727,3727
3728,3728
3729,3729
3730,3730
3731,3731
3732,3732
3733,3733
3734,3734
3735,3735
3736,3736
3737,3737
3738,3738
3739,3739
3740,3740
3741,3741
3742,3742
3743,3743
3744,3744
3745,3745
3746,3746
3747,3747
3748,3748
3749,3749
3750,3750
3751,3751
3752,3752
3753,3753
3754,3754
3755,3755
3756,3756
3757,3757
3758,3758
3759,3759
3760,3760
3761,3761
3762,3762
3763,3763
3764,3764
3765,3765
3766,3766
3767,3767
3768,3768
3769,3769
3770,3770
3771,3771
3772,3772
3773,3773
3774,3774
3775,3775
3776,3776
3777,3777
3778,3778
3779,3779
3780,3780
3781,3781
3782,3782
3783,3783
3784,3784
3785,3785
3786,3786
3787,3787
3788,3788
3789,3789
3790,3790
3791,3791
3792,3792
3793,3793
3794,3794
3795,3795
3796,3796
3797,3797
3798,3798
3799,3799
3800,3800
3801,3801
3802,3802
3803,3803
3804,3804
3805,3805
3806,3806
3807,3807
3808,3808
3809,3809
3810,3810
3811,3811
3812,3812
3813,3813
3814,3814
3815,3815
3816,3816
3817,3817
3818,3818
3819,3819
3820,3820
3821,3821
3822,3822
3823,3823
3824,3824
3825,3825
3826,3826
3827,3827
3828,3828
3829,3829
3830,3830
3831,3831
3832,3832
3833,3833
3834,3834
3835,3835
3836,3836
3837,3837
3838,3838
3839,3839
3840,3840
3841,3841
3842,3842
3843,3843
3844,3844
3845,3845
3846,3846
3847,3847
3848,3848
3849,3849
3850,3850
3851,3851
3852,3852
3853,3853
3854,3854
3855,3855
3856,3856
3857,3857
3858,3858
3859,3859
3860,3860
3861,3861
3862,3862
3863,3863
3864,3864
3865,3865
3866,3866
3867,3867
3868,3868
3869,3869
3870,3870
3871,3871
3872,3872
3873,3873
3874,3874
3875,3875
3876,3876
3877,3877
3878,3878
3879,3879
3880,3880
3881,3881
3882,3882
3883,3883
3884,3884
3885,3885
3886,3886
3887,3887
3888,3888
3889,3889
3890,3890
3891,3891
3892,3892
3893,3893
3894,3894
3895,3895
3896,3896
3897,3897
3898,3898
3899,3899
3900,3900
3901,3901
3902,3902
3903,3903
3904,3904
3905,3905
3906,3906
3907,3907
3908,3908
3909,3909
3910,3910
3911,3911
3912,3912
3913,3913
3914,3914
3915,3915
3916,3916
3917,3917
3918,3918
3919,3919
3920,3920
3921,3921
3922,3922
3923,3923
3924,3924
3925,3925
3926,3926
3927,3927
3928,3928
3929,3929
3930,3930
3931,3931
3932,3932
3933,3933
3934,3934
3935,3935
3936,3936
3937,3937
3938,3938
3939,3939
3940,3940
3941,3941
3942,3942
3943,3943
3944,3944
3945,3945
3946,3946
3947,3947
3948,3948
3949,3949
3950,3950
3951,3951
3952,3952
3953,3953
3954,3954
3955,3955
3956,3956
3957,3957
3958,3958
3959,3959
3960,3960
3961,3961
3962,3962
3963,3963
3964,3964
3965,3965
3966,3966
3967,3967
3968,3968
3969,3969
3970,3970
3971,3971
3972,3972
3973,3973
3974,3974
3975,3975
3976,3976
3977,3977
3978,3978
3979,3979
3980,3980
3981,3981
3982,3982
3983,3983
3984,3984
3985,3985
3986,3986
3987,3987
3988,3988
3989,3989
3990,3990
3991,3991
3992,3992
3993,3993
3994,3994
3995,3995
3996,3996
3997,3997
3998,3998
3999,3999
4000,4000
4001,4001
4002,4002
4003,4003
4004,4004
4005,4005
4006,4006
4007,4007
4008,4008
4009,4009
4010,4010
4011,4011
4012,4012
4013,4013
4014,4014
4015,4015
4016,4016
4017,4017
4018,4018
4019,4019
4020,4020
4021,4021
4022,4022
4023,4023
4024,4024
4025,4025
4026,4026
4027,4027
4028,4028
4029,4029
4030,4030
4031,4031
4032,4032
4033,4033
4034,4034
4035,4035
4036,4036
4037,4037
4038,4038
4039,4039
4040,4040
4041,4041
4042,4042
4043,4043
4044,4044
4045,4045
4046,4046
4047,4047
4048,4048
4049,4049
4050,4050
4051,4051
4052,4052
4053,4053
4054,4054
4055,4055
4056,4056
4057,4057
4058,4058
4059,4059
4060,4060
4061,4061
4062,4062
4063,4063
4064,4064
4065,4065
4066,4066
4067,4067
4068,4068
4069,4069
4070,4070
4071,4071
4072,4072
4073,4073
4074,4074
4075,4075
4076,4076
4077,4077
4078,4078
4079,4079
4080,4080
4081,4081
4082,4082
4083,4083
4084,4084
4085,4085
4086,4086
4087,4087
4088,4088
4089,4089
4090,4090
4091,4091
4092,4092
4093,4093
4094,4094
4095,4095
4096,4096
4097,4097
4098,4098
4099,4099
4100,4100
4101,4101
4102,4102
4103,4103
4104,4104
4105,4105
4106,4106
4107,4107
4108,4108
4109,4109
4110,4110
4111,4111
4112,4112
4113,4113
4114,4114
4115,4115
4116,4116
4117,4117
4118,4118
4119,4119
4120,4120
4121,4121
4122,4122
4123,4123
4124,4124
4125,4125
4126,4126
4127,4127
4128,4128
4129,4129
4130,4130
4131,4131
4132,4132
4133,4133
4134,4134
4135,4135
4136,4136
4137,4137
4138,4138
4139,4139
4140,4140
4141,4141
4142,4142
4143,4143
4144,4144
4145,4145
4146,4146
4147,4147
4148,4148
4149,4149
4150,4150
4151,4151
4152,4152
4153,4153
4154,4154
4155,4155
4156,4156
4157,4157
4158,4158
4159,4159
4160,4160
4161,4161
4162,4162
4163,4163
4164,4164
4165,4165
4166,4166
4167,4167
4168,4168
4169,4169
4170,4170
4171,4171
4172,4172
4173,4173
4174,4174
4175,4175
4176,4176
4177,4177
4178,4178
4179,4179
4180,4180
4181,4181
4182,4182
4183,4183
4184,4184
4185,4185
4186,4186
4187,4187
4188,4188
4189,4189
4190,4190
4191,4191
4192,4192
4193,4193
4194,4194
4195,4195
4196,4196
4197,4197
4198,4198
4199,4199
4200,4200
4201,4201
4202,4202
4203,4203
4204,4204
4205,4205
4206,4206
4207,4207
4208,4208
4209,4209
4210,4210
4211,4211
4212,4212
4213,4213
4214,4214
4215,4215
4216,4216
4217,4217
4218,4218
4219,4219
4220,4220
4221,4221
4222,4222
4223,4223
4224,4224
4225,4225
4226,4226
4227,4227
4228,4228
4229,4229
4230,4230
4231,4231
4232,4232
4233,4233
4234,4234
4235,4235
4236,4236
4237,4237
4238,4238
4239,4239
4240,4240
4241,4241
4242,4242
4243,4243
4244,4244
4245,4245
4246,4246
4247,4247
4248,4248
4249,4249
4250,4250
4251,4251
4252,4252
4253,4253
4254,4254
4255,4255
4256,4256
4257,4257
4258,4258
4259,4259
4260,4260
4261,4261
4262,4262
4263,4263
4264,4264
4265,4265
4266,4266
4267,4267
4268,4268
4269,4269
4270,4270
4271,4271
4272,4272
4273,4273
4274,4274
4275,4275
4276,4276
4277,4277
4278,4278
4279,4279
4280,4280
4281,4281
4282,4282
4283,4283
4284,4284
4285,4285
4286,4286
4287,4287
4288,4288
4289,4289
4290,4290
4291,4291
4292,4292
4293,4293
4294,4294
4295,4295
4296,4296
4297,4297
4298,4298
4299,4299
4300,4300
4301,4301
4302,4302
4303,4303
4304,4304
4305,4305
4306,4306
4307,4307
4308,4308
4309,4309
4310,4310
4311,4311
4312,4312
4313,4313
4314,4314
4315,4315
4316,4316
4317,4317
4318,4318
4319,4319
4320,4320
4321,4321
4322,4322
4323,4323
4324,4324
4325,4325
4326,4326
4327,4327
4328,4328
4329,4329
4330,4330
4331,4331
4332,4332
4333,4333
4334,4334
4335,4335
4336,4336
4337,4337
4338,4338
4339,4339
4340,4340
4341,4341
4342,4342
4343,4343
4344,4344
4345,4345
4346,4346
4347,4347
4348,4348
4349,4349
4350,4350
4351,4351
4352,4352
4353,4353
4354,4354
4355,4355
4356,4356
4357,4357
4358,4358
4359,4359
4360,4360
4361,4361
4362,4362
4363,4363
4364,4364
4365,4365
4366,4366
4367,4367
4368,4368
4369,4369
4370,4370
4371,4371
4372,4372
4373,4373
4374,4374
4375,4375
4376,4376
4377,4377
4378,4378
4379,4379
4380,4380
4381,4381
4382,4382
4383,4383
4384,4384
4385,4385
4386,4386
4387,4387
4388,4388
4389,4389
4390,4390
4391,4391
4392,4392
4393,4393
4394,4394
4395,4395
4396,4396
4397,4397
4398,4398
4399,4399
4400,4400
4401,4401
4402,4402
4403,4403
4404,4404
4405,4405
4406,4406
4407,4407
4408,4408
4409,4409
4410,4410
4411,4411
4412,4412
4413,4413
4414,4414
4415,4415
4416,4416
4417,4417
4418,4418
4419,4419
4420,4420
4421,4421
4422,4422
4423,4423
4424,4424
4425,4425
4426,4426
4427,4427
4428,4428
4429,4429
4430,4430
4431,4431
4432,4432
4433,4433
4434,4434
4435,4435
4436,4436
4437,4437
4438,4438
4439,4439
4440,4440
4441,4441
4442,4442
4443,4443
4444,4444
4445,4445
4446,4446
4447,4447
4448,4448
4449,4449
4450,4450
4451,4451
4452,4452
4453,4453
4454,4454
4455,4455
4456,4456
4457,4457
4458,4458
4459,4459
4460,4460
4461,4461
4462,4462
4463,4463
4464,4464
4465,4465
4466,4466
4467,4467
4468,4468
4469,4469
4470,4470
4471,4471
4472,4472
4473,4473
4474,4474
4475,4475
4476,4476
4477,4477
4478,4478
4479,4479
4480,4480
4481,4481
4482,4482
4483,4483
4484,4484
4485,4485
4486,4486
4487,4487
4488,4488
4489,4489
4490,4490
4491,4491
4492,4492
4493,4493
4494,4494
4495,4495
4496,4496
4497,4497
4498,4498
4499,4499
4500,4500
4501,4501
4502,4502
4503,4503
4504,4504
4505,4505
4506,4506
4507,4507
4508,4508
4509,4509
4510,4510
4511,4511
4512,4512
4513,4513
4514,4514
4515,4515
4516,4516
4517,4517
4518,4518
4519,4519
4520,4520
4521,4521
4522,4522
4523,4523
4524,4524
4525,4525
4526,4526
4527,4527
4528,4528
4529,4529
4530,4530
4531,4531
4532,4532
4533,4533
4534,4534
4535,4535
4536,4536
4537,4537
4538,4538
4539,4539
4540,4540
4541,4541
4542,4542
4543,4543
4544,4544
4545,4545
4546,4546
4547,4547
4548,4548
4549,4549
4550,4550
4551,4551
4552,4552
4553,4553
4554,4554
4555,4555
4556,4556
4557,4557
4558,4558
4559,4559
4560,4560
4561,4561
4562,4562
4563,4563
4564,4564
4565,4565
4566,4566
4567,4567
4568,4568
4569,4569
4570,4570
4571,4571
4572,4572
4573,4573
4574,4574
4575,4575
4576,4576
4577,4577
4578,4578
4579,4579
4580,4580
4581,4581
4582,4582
4583,4583
4584,4584
4585,4585
4586,4586
4587,4587
4588,4588
4589,4589
4590,4590
4591,4591
4592,4592
4593,4593
4594,4594
4595,4595
4596,4596
4597,4597
4598,4598
4599,4599
4600,4600
4601,4601
4602,4602
4603,4603
4604,4604
4605,4605
4606,4606
4607,4607
4608,4608
4609,4609
4610,4610
4611,4611
4612,4612
4613,4613
4614,4614
4615,4615
4616,4616
4617,4617
4618,4618
4619,4619
4620,4620
4621,4621
4622,4622
4623,4623
4624,4624
4625,4625
4626,4626
4627,4627
4628,4628
4629,4629
4630,4630
4631,4631
4632,4632
4633,4633
4634,4634
4635,4635
4636,4636
4637,4637
4638,4638
4639,4639
4640,4640
4641,4641
4642,4642
4643,4643
4644,4644
4645,4645
4646,4646
4647,4647
4648,4648
4649,4649
4650,4650
4651,4651
4652,4652
4653,4653
4654,4654
4655,4655
4656,4656
4657,4657
4658,4658
4659,4659
4660,4660
4661,4661
4662,4662
4663,4663
4664,4664
4665,4665
4666,4666
4667,4667
4668,4668
4669,4669
4670,4670
4671,4671
4672,4672
4673,4673
4674,4674
4675,4675
4676,4676
4677,4677
4678,4678
4679,4679
4680,4680
4681,4681
4682,4682
4683,4683
4684,4684
4685,4685
4686,4686
4687,4687
4688,4688
4689,4689
4690,4690
4691,4691
4692,4692
4693,4693
4694,4694
4695,4695
4696,4696
4697,4697
4698,4698
4699,4699
4700,4700
4701,4701
4702,4702
4703,4703
4704,4704
4705,4705
4706,4706
4707,4707
4708,4708
4709,4709
4710,4710
4711,4711
4712,4712
4713,4713
4714,4714
4715,4715
4716,4716
4717,4717
4718,4718
4719,4719
4720,4720
4721,4721
4722,4722
4723,4723
4724,4724
4725,4725
4726,4726
4727,4727
4728,4728
4729,4729
4730,4730
4731,4731
4732,4732
4733,4733
4734,4734
4735,4735
4736,4736
4737,4737
4738,4738
4739,4739
4740,4740
4741,4741
4742,4742
4743,4743
4744,4744
4745,4745
4746,4746
4747,4747
4748,4748
4749,4749
4750,4750
4751,4751
4752,4752
4753,4753
4754,4754
4755,4755
4756,4756
4757,4757
4758,4758
4759,4759
4760,4760
4761,4761
4762,4762
4763,4763
4764,4764
4765,4765
4766,4766
4767,4767
4768,4768
4769,4769
4770,4770
4771,4771
4772,4772
4773,4773
4774,4774
4775,4775
4776,4776
4777,4777
4778,4778
4779,4779
4780,4780
4781,4781
4782,4782
4783,4783
4784,4784
4785,4785
4786,4786
4787,4787
4788,4788
4789,4789
4790,4790
4791,4791
4792,4792
4793,4793
4794,4794
4795,4795
4796,4796
4797,4797
4798,4798
4799,4799
4800,4800
4801,4801
4802,4802
4803,4803
4804,4804
4805,4805
4806,4806
4807,4807
4808,4808
4809,4809
4810,4810
4811,4811
4812,4812
4813,4813
4814,4814
4815,4815
4816,4816
4817,4817
4818,4818
4819,4819
4820,4820
4821,4821
4822,4822
4823,4823
4824,4824
4825,4825
4826,4826
4827,4827
4828,4828
4829,4829
4830,4830
4831,4831
4832,4832
4833,4833
4834,4834
4835,4835
4836,4836
4837,4837
4838,4838
4839,4839
4840,4840
4841,4841
4842,4842
4843,4843
4844,4844
4845,4845
4846,4846
4847,4847
4848,4848
4849,4849
4850,4850
4851,4851
4852,4852
4853,4853
4854,4854
4855,4855
4856,4856
4857,4857
4858,4858
4859,4859
4860,4860
4861,4861
4862,4862
4863,4863
4864,4864
4865,4865
4866,4866
4867,4867
4868,4868
4869,4869
4870,4870
4871,4871
4872,4872
4873,4873
4874,4874
4875,4875
4876,4876
4877,4877
4878,4878
4879,4879
4880,4880
4881,4881
4882,4882
4883,4883
4884,4884
4885,4885
4886,4886
4887,4887
4888,4888
4889,4889
4890,4890
4891,4891
4892,4892
4893,4893
4894,4894
4895,4895
4896,4896
4897,4897
4898,4898
4899,4899
4900,4900
4901,4901
4902,4902
4903,4903
4904,4904
4905,4905
4906,4906
4907,4907
4908,4908
4909,4909
4910,4910
4911,4911
4912,4912
4913,4913
4914,4914
4915,4915
4916,4916
4917,4917
4918,4918
4919,4919
4920,4920
4921,4921
4922,4922
4923,4923
4924,4924
4925,4925
4926,4926
4927,4927
4928,4928
4929,4929
4930,4930
4931,4931
4932,4932
4933,4933
4934,4934
4935,4935
4936,4936
4937,4937
4938,4938
4939,4939
4940,4940
4941,4941
4942,4942
4943,4943
4944,4944
4945,4945
4946,4946
4947,4947
4948,4948
4949,4949
4950,4950
4951,4951
4952,4952
4953,4953
4954,4954
4955,4955
4956,4956
4957,4957
4958,4958
4959,4959
4960,4960
4961,4961
4962,4962
4963,4963
4964,4964
4965,4965
4966,4966
4967,4967
4968,4968
4969,4969
4970,4970
4971,4971
4972,4972
4973,4973
4974,4974
4975,4975
4976,4976
4977,4977
4978,4978
4979,4979
4980,4980
4981,4981
4982,4982
4983,4983
4984,4984
4985,4985
4986,4986
4987,4987
4988,4988
4989,4989
4990,4990
4991,4991
4992,4992
4993,4993
4994,4994
4995,4995
4996,4996
4997,4997
4998,4998
4999,4999
5000,5000
5001,5001
5002,5002
5003,5003
5004,5004
5005,5005
5006,5006
5007,5007
5008,5008
5009,5009
5010,5010
5011,5011
5012,5012
5013,5013
5014,5014
5015,5015
5016,5016
5017,5017
5018,5018
5019,5019
5020,5020
5021,5021
5022,5022
5023,5023
5024,5024
5025,5025
5026,5026
5027,5027
5028,5028
5029,5029
5030,5030
5031,5031
5032,5032
5033,5033
5034,5034
5035,5035
5036,5036
5037,5037
5038,5038
5039,5039
5040,5040
5041,5041
5042,5042
5043,5043
5044,5044
5045,5045
5046,5046
5047,5047
5048,5048
5049,5049
5050,5050
5051,5051
5052,5052
5053,5053
5054,5054
5055,5055
5056,5056
5057,5057
5058,5058
5059,5059
5060,5060
5061,5061
5062,5062
5063,5063
5064,5064
5065,5065
5066,5066
5067,5067
5068,5068
5069,5069
5070,5070
5071,5071
5072,5072
5073,5073
5074,5074
5075,5075
5076,5076
5077,5077
5078,5078
5079,5079
5080,5080
5081,5081
5082,5082
5083,5083
5084,5084
5085,5085
5086,5086
5087,5087
5088,5088
5089,5089
5090,5090
5091,5091
5092,5092
5093,5093
5094,5094
5095,5095
5096,5096
5097,5097
5098,5098
5099,5099
5100,5100
5101,5101
5102,5102
5103,5103
5104,5104
5105,5105
5106,5106
5107,5107
5108,5108
5109,5109
5110,5110
5111,5111
5112,5112
5113,5113
5114,5114
5115,5115
5116,5116
5117,5117
5118,5118
5119,5119
5120,5120
5121,5121
5122,5122
5123,5123
5124,5124
5125,5125
5126,5126
5127,5127
5128,5128
5129,5129
5130,5130
5131,5131
5132,5132
5133,5133
5134,5134
5135,5135
5136,5136
5137,5137
5138,5138
5139,5139
5140,5140
5141,5141
5142,5142
5143,5143
5144,5144
5145,5145
5146,5146
5147,5147
5148,5148
5149,5149
5150,5150
5151,5151
5152,5152
5153,5153
5154,5154
5155,5155
5156,5156
5157,5157
5158,5158
5159,5159
5160,5160
5161,5161
5162,5162
5163,5163
5164,5164
5165,5165
5166,5166
5167,5167
5168,5168
5169,5169
5170,5170
5171,5171
5172,5172
5173,5173
5174,5174
5175,5175
5176,5176
5177,5177
5178,5178
5179,5179
5180,5180
5181,5181
5182,5182
5183,5183
5184,5184
5185,5185
5186,5186
5187,5187
5188,5188
5189,5189
5190,5190
5191,5191
5192,5192
5193,5193
5194,5194
5195,5195
5196,5196
5197,5197
5198,5198
5199,5199
5200,5200
5201,5201
5202,5202
5203,5203
5204,5204
5205,5205
5206,5206
5207,5207
5208,5208
5209,5209
5210,5210
5211,5211
5212,5212
5213,5213
5214,5214
5215,5215
5216,5216
5217,5217
5218,5218
5219,5219
5220,5220
5221,5221
5222,5222
5223,5223
5224,5224
5225,5225
5226,5226
5227,5227
5228,5228
5229,5229
5230,5230
5231,5231
5232,5232
5233,5233
5234,5234
5235,5235
5236,5236
5237,5237
5238,5238
5239,5239
5240,5240
5241,5241
5242,5242
5243,5243
5244,5244
5245,5245
5246,5246
5247,5247
5248,5248
5249,5249
5250,5250
5251,5251
5252,5252
5253,5253
5254,5254
5255,5255
5256,5256
5257,5257
5258,5258
5259,5259
5260,5260
5261,5261
5262,5262
5263,5263
5264,5264
5265,5265
5266,5266
5267,5267
5268,5268
5269,5269
5270,5270
5271,5271
5272,5272
5273,5273
5274,5274
5275,5275
5276,5276
5277,5277
5278,5278
5279,5279
5280,5280
5281,5281
5282,5282
5283,5283
5284,5284
5285,5285
5286,5286
5287,5287
5288,5288
5289,5289
5290,5290
5291,5291
5292,5292
5293,5293
5294,5294
5295,5295
5296,5296
5297,5297
5298,5298
5299,5299
5300,5300
5301,5301
5302,5302
5303,5303
5304,5304
5305,5305
5306,5306
5307,5307
5308,5308
5309,5309
5310,5310
5311,5311
5312,5312
5313,5313
5314,5314
5315,5315
5316,5316
5317,5317
5318,5318
5319,5319
5320,5320
5321,5321
5322,5322
5323,5323
5324,5324
5325,5325
5326,5326
5327,5327
5328,5328
5329,5329
5330,5330
5331,5331
5332,5332
5333,5333
5334,5334
5335,5335
5336,5336
5337,5337
5338,5338
5339,5339
5340,5340
5341,5341
5342,5342
5343,5343
5344,5344
5345,5345
5346,5346
5347,5347
5348,5348
5349,5349
5350,5350
5351,5351
5352,5352
5353,5353
5354,5354
5355,5355
5356,5356
5357,5357
5358,5358
5359,5359
5360,5360
5361,5361
5362,5362
5363,5363
5364,5364
5365,5365
5366,5366
5367,5367
5368,5368
5369,5369
5370,5370
5371,5371
5372,5372
5373,5373
5374,5374
5375,5375
5376,5376
5377,5377
5378,5378
5379,5379
5380,5380
5381,5381
5382,5382
5383,5383
5384,5384
5385,5385
5386,5386
5387,5387
5388,5388
5389,5389
5390,5390
5391,5391
5392,5392
5393,5393
5394,5394
5395,5395
5396,5396
5397,5397
5398,5398
5399,5399
5400,5400
5401,5401
5402,5402
5403,5403
5404,5404
5405,5405
5406,5406
5407,5407
5408,5408
5409,5409
5410,5410
5411,5411
5412,5412
5413,5413
5414,5414
5415,5415
5416,5416
5417,5417
5418,5418
5419,5419
5420,5420
5421,5421
5422,5422
5423,5423
5424,5424
5425,5425
5426,5426
5427,5427
5428,5428
5429,5429
5430,5430
5431,5431
5432,5432
5433,5433
5434,5434
5435,5435
5436,5436
5437,5437
5438,5438
5439,5439
5440,5440
5441,5441
5442,5442
5443,5443
5444,5444
5445,5445
5446,5446
5447,5447
5448,5448
5449,5449
5450,5450
5451,5451
5452,5452
5453,5453
5454,5454
5455,5455
5456,5456
5457,5457
5458,5458
5459,5459
5460,5460
5461,5461
5462,5462
5463,5463
5464,5464
5465,5465
5466,5466
5467,5467
5468,5468
5469,5469
5470,5470
5471,5471
5472,5472
5473,5473
5474,5474
5475,5475
5476,5476
5477,5477
5478,5478
5479,5479
5480,5480
5481,5481
5482,5482
5483,5483
5484,5484
5485,5485
5486,5486
5487,5487
5488,5488
5489,5489
5490,5490
5491,5491
5492,5492
5493,5493
5494,5494
5495,5495
5496,5496
5497,5497
5498,5498
5499,5499
5500,5500
5501,5501
5502,5502
5503,5503
5504,5504
5505,5505
5506,5506
5507,5507
5508,5508
5509,5509
5510,5510
5511,5511
5512,5512
5513,5513
5514,5514
5515,5515
5516,5516
5517,5517
5518,5518
5519,5519
5520,5520
5521,5521
5522,5522
5523,5523
5524,5524
5525,5525
5526,5526
5527,5527
5528,5528
5529,5529
5530,5530
5531,5531
5532,5532
5533,5533
5534,5534
5535,5535
5536,5536
5537,5537
5538,5538
5539,5539
5540,5540
5541,5541
5542,5542
5543,5543
5544,5544
5545,5545
5546,5546
5547,5547
5548,5548
5549,5549
5550,5550
5551,5551
5552,5552
5553,5553
5554,5554
5555,5555
5556,5556
5557,5557
5558,5558
5559,5559
5560,5560
5561,5561
5562,5562
5563,5563
5564,5564
5565,5565
5566,5566
5567,5567
5568,5568
5569,5569
5570,5570
5571,5571
5572,5572
5573,5573
5574,5574
5575,5575
5576,5576
5577,5577
5578,5578
5579,5579
5580,5580
5581,5581
5582,5582
5583,5583
5584,5584
5585,5585
5586,5586
5587,5587
5588,5588
5589,5589
5590,5590
5591,5591
5592,5592
5593,5593
5594,5594
5595,5595
5596,5596
5597,5597
5598,5598
5599,5599
5600,5600
5601,5601
5602,5602
5603,5603
5604,5604
5605,5605
5606,5606
5607,5607
5608,5608
5609,5609
5610,5610
5611,5611
5612,5612
5613,5613
5614,5614
5615,5615
5616,5616
5617,5617
5618,5618
5619,5619
5620,5620
5621,5621
5622,5622
5623,5623
5624,5624
5625,5625
5626,5626
5627,5627
5628,5628
5629,5629
5630,5630
5631,5631
5632,5632
5633,5633
5634,5634
5635,5635
5636,5636
5637,5637
5638,5638
5639,5639
5640,5640
5641,5641
5642,5642
5643,5643
5644,5644
5645,5645
5646,5646
5647,5647
5648,5648
5649,5649
5650,5650
5651,5651
5652,5652
5653,5653
5654,5654
5655,5655
5656,5656
5657,5657
5658,5658
5659,5659
5660,5660
5661,5661
5662,5662
5663,5663
5664,5664
5665,5665
5666,5666
5667,5667
5668,5668
5669,5669
5670,5670
5671,5671
5672,5672
5673,5673
5674,5674
5675,5675
5676,5676
5677,5677
5678,5678
5679,5679
5680,5680
5681,5681
5682,5682
5683,5683
5684,5684
5685,5685
5686,5686
5687,5687
5688,5688
5689,5689
5690,5690
5691,5691
5692,5692
5693,5693
5694,5694
5695,5695
5696,5696
5697,5697
5698,5698
5699,5699
5700,5700
5701,5701
5702,5702
5703,5703
5704,5704
5705,5705
5706,5706
5707,5707
5708,5708
5709,5709
5710,5710
5711,5711
5712,5712
5713,5713
5714,5714
5715,5715
5716,5716
5717,5717
5718,5718
5719,5719
5720,5720
5721,5721
5722,5722
5723,5723
5724,5724
5725,5725
5726,5726
5727,5727
5728,5728
5729,5729
5730,5730
5731,5731
5732,5732
5733,5733
5734,5734
5735,5735
5736,5736
5737,5737
5738,5738
5739,5739
5740,5740
5741,5741
5742,5742
5743,5743
5744,5744
5745,5745
5746,5746
5747,5747
5748,5748
5749,5749
5750,5750
5751,5751
5752,5752
5753,5753
5754,5754
5755,5755
5756,5756
5757,5757
5758,5758
5759,5759
5760,5760
5761,5761
5762,5762
5763,5763
5764,5764
5765,5765
5766,5766
5767,5767
5768,5768
5769,5769
5770,5770
5771,5771
5772,5772
5773,5773
5774,5774
5775,5775
5776,5776
5777,5777
5778,5778
5779,5779
5780,5780
5781,5781
5782,5782
5783,5783
5784,5784
5785,5785
5786,5786
5787,5787
5788,5788
5789,5789
5790,5790
5791,5791
5792,5792
5793,5793
5794,5794
5795,5795
5796,5796
5797,5797
5798,5798
5799,5799
5800,5800
5801,5801
5802,5802
5803,5803
5804,5804
5805,5805
5806,5806
5807,5807
5808,5808
5809,5809
5810,5810
5811,5811
5812,5812
5813,5813
5814,5814
5815,5815
5816,5816
5817,5817
5818,5818
5819,5819
5820,5820
5821,5821
5822,5822
5823,5823
5824,5824
5825,5825
5826,5826
5827,5827
5828,5828
5829,5829
5830,5830
5831,5831
5832,5832
5833,5833
5834,5834
5835,5835
5836,5836
5837,5837
5838,5838
5839,5839
5840,5840
5841,5841
5842,5842
5843,5843
5844,5844
5845,5845
5846,5846
5847,5847
5848,5848
5849,5849
5850,5850
5851,5851
5852,5852
5853,5853
5854,5854
5855,5855
5856,5856
5857,5857
5858,5858
5859,5859
5860,5860
5861,5861
5862,5862
5863,5863
5864,5864
5865,5865
5866,5866
5867,5867
5868,5868
5869,5869
5870,5870
5871,5871
5872,5872
5873,5873
5874,5874
5875,5875
5876,5876
5877,5877
5878,5878
5879,5879
5880,5880
5881,5881
5882,5882
5883,5883
5884,5884
5885,5885
5886,5886
5887,5887
5888,5888
5889,5889
5890,5890
5891,5891
5892,5892
5893,5893
5894,5894
5895,5895
5896,5896
5897,5897
5898,5898
5899,5899
5900,5900
5901,5901
5902,5902
5903,5903
5904,5904
5905,5905
5906,5906
5907,5907
5908,5908
5909,5909
5910,5910
5911,5911
5912,5912
5913,5913
5914,5914
5915,5915
5916,5916
5917,5917
5918,5918
5919,5919
5920,5920
5921,5921
5922,5922
5923,5923
5924,5924
5925,5925
5926,5926
5927,5927
5928,5928
5929,5929
5930,5930
5931,5931
5932,5932
5933,5933
5934,5934
5935,5935
5936,5936
5937,5937
5938,5938
5939,5939
5940,5940
5941,5941
5942,5942
5943,5943
5944,5944
5945,5945
5946,5946
5947,5947
5948,5948
5949,5949
5950,5950
5951,5951
5952,5952
5953,5953
5954,5954
5955,5955
5956,5956
5957,5957
5958,5958
5959,5959
5960,5960
5961,5961
5962,5962
5963,5963
5964,5964
5965,5965
5966,5966
5967,5967
5968,5968
5969,5969
5970,5970
5971,5971
5972,5972
5973,5973
5974,5974
5975,5975
5976,5976
5977,5977
5978,5978
5979,5979
5980,5980
5981,5981
5982,5982
5983,5983
5984,5984
5985,5985
5986,5986
5987,5987
5988,5988
5989,5989
5990,5990
5991,5991
5992,5992
5993,5993
5994,5994
5995,5995
5996,5996
5997,5997
5998,5998
5999,5999
